1000000,"33.0672,-112.2543"
1000001,"33.0672,-112.2243"
1000002,"33.2072,-111.8743"
1000003,"33.2072,-111.8643"
1000004,"33.2072,-111.8243"
1000005,"33.2072,-111.8043"
1000006,"33.2072,-111.7943"
1000007,"33.2072,-111.7643"
1000008,"33.2072,-111.7443"
1000009,"33.2072,-111.7343"
1000010,"33.2072,-111.6343"
1000011,"33.2172,-111.8843"
1000012,"33.2172,-111.8743"
1000013,"33.2172,-111.8643"
1000014,"33.2172,-111.8243"
1000015,"33.2172,-111.8043"
1000016,"33.2172,-111.7943"
1000017,"33.2172,-111.7843"
1000018,"33.2172,-111.7643"
1000019,"33.2172,-111.7343"
1000020,"33.2172,-111.6343"
1000021,"33.2172,-111.6243"
1000022,"33.2272,-111.8243"
1000023,"33.2272,-111.7643"
1000024,"33.2272,-111.7343"
1000025,"33.2272,-111.7243"
1000026,"33.2272,-111.7143"
1000027,"33.2272,-111.7043"
1000028,"33.2272,-111.6943"
1000029,"33.2272,-111.6843"
1000030,"33.2272,-111.6743"
1000031,"33.2272,-111.6343"
1000032,"33.2272,-111.6243"
1000033,"33.2272,-111.6143"
1000034,"33.2272,-111.6043"
1000035,"33.2272,-111.5943"
1000036,"33.2372,-112.4443"
1000037,"33.2372,-111.8743"
1000038,"33.2372,-111.8443"
1000039,"33.2372,-111.8343"
1000040,"33.2372,-111.8243"
1000041,"33.2372,-111.7843"
1000042,"33.2372,-111.7243"
1000043,"33.2372,-111.7143"
1000044,"33.2372,-111.6943"
1000045,"33.2372,-111.6743"
1000046,"33.2372,-111.6643"
1000047,"33.2372,-111.6543"
1000048,"33.2372,-111.6243"
1000049,"33.2372,-111.6143"
1000050,"33.2372,-111.6043"
1000051,"33.2472,-112.4443"
1000052,"33.2472,-111.8643"
1000053,"33.2472,-111.8543"
1000054,"33.2472,-111.8443"
1000055,"33.2472,-111.8343"
1000056,"33.2472,-111.8243"
1000057,"33.2472,-111.8143"
1000058,"33.2472,-111.8043"
1000059,"33.2472,-111.7943"
1000060,"33.2472,-111.7843"
1000061,"33.2472,-111.7743"
1000062,"33.2472,-111.7643"
1000063,"33.2472,-111.7443"
1000064,"33.2472,-111.7343"
1000065,"33.2472,-111.7243"
1000066,"33.2472,-111.7143"
1000067,"33.2472,-111.6443"
1000068,"33.2472,-111.6343"
1000069,"33.2472,-111.6243"
1000070,"33.2472,-111.5943"
1000071,"33.2572,-112.4443"
1000072,"33.2572,-112.1343"
1000073,"33.2572,-111.8843"
1000074,"33.2572,-111.8743"
1000075,"33.2572,-111.8543"
1000076,"33.2572,-111.8443"
1000077,"33.2572,-111.8243"
1000078,"33.2572,-111.8043"
1000079,"33.2572,-111.7943"
1000080,"33.2572,-111.7843"
1000081,"33.2572,-111.7743"
1000082,"33.2572,-111.7643"
1000083,"33.2572,-111.7243"
1000084,"33.2572,-111.7143"
1000085,"33.2572,-111.7043"
1000086,"33.2572,-111.6843"
1000087,"33.2572,-111.6543"
1000088,"33.2572,-111.6343"
1000089,"33.2572,-111.6243"
1000090,"33.2572,-111.6143"
1000091,"33.2572,-111.6043"
1000092,"33.2672,-112.4443"
1000093,"33.2672,-111.8843"
1000094,"33.2672,-111.8743"
1000095,"33.2672,-111.8543"
1000096,"33.2672,-111.8443"
1000097,"33.2672,-111.8243"
1000098,"33.2672,-111.7843"
1000099,"33.2672,-111.7643"
1000100,"33.2672,-111.7343"
1000101,"33.2672,-111.7143"
1000102,"33.2672,-111.7043"
1000103,"33.2672,-111.6943"
1000104,"33.2672,-111.6843"
1000105,"33.2672,-111.6743"
1000106,"33.2672,-111.6643"
1000107,"33.2672,-111.6543"
1000108,"33.2672,-111.6443"
1000109,"33.2672,-111.6343"
1000110,"33.2772,-112.4443"
1000111,"33.2772,-111.8843"
1000112,"33.2772,-111.8743"
1000113,"33.2772,-111.8643"
1000114,"33.2772,-111.8343"
1000115,"33.2772,-111.8243"
1000116,"33.2772,-111.8143"
1000117,"33.2772,-111.8043"
1000118,"33.2772,-111.7943"
1000119,"33.2772,-111.7843"
1000120,"33.2772,-111.7743"
1000121,"33.2772,-111.7643"
1000122,"33.2772,-111.7543"
1000123,"33.2772,-111.7443"
1000124,"33.2772,-111.7343"
1000125,"33.2772,-111.7243"
1000126,"33.2772,-111.7143"
1000127,"33.2772,-111.7043"
1000128,"33.2772,-111.6943"
1000129,"33.2772,-111.6843"
1000130,"33.2772,-111.6143"
1000131,"33.2772,-111.6043"
1000132,"33.2772,-111.5843"
1000133,"33.2872,-111.8743"
1000134,"33.2872,-111.8643"
1000135,"33.2872,-111.8543"
1000136,"33.2872,-111.8443"
1000137,"33.2872,-111.8243"
1000138,"33.2872,-111.8043"
1000139,"33.2872,-111.7943"
1000140,"33.2872,-111.7843"
1000141,"33.2872,-111.7743"
1000142,"33.2872,-111.7643"
1000143,"33.2872,-111.7543"
1000144,"33.2872,-111.7443"
1000145,"33.2872,-111.7143"
1000146,"33.2872,-111.6943"
1000147,"33.2972,-112.4543"
1000148,"33.2972,-112.0943"
1000149,"33.2972,-112.0843"
1000150,"33.2972,-112.0343"
1000151,"33.2972,-112.0143"
1000152,"33.2972,-112.0043"
1000153,"33.2972,-111.9943"
1000154,"33.2972,-111.9843"
1000155,"33.2972,-111.9743"
1000156,"33.2972,-111.9343"
1000157,"33.2972,-111.9243"
1000158,"33.2972,-111.9043"
1000159,"33.2972,-111.8943"
1000160,"33.2972,-111.8643"
1000161,"33.2972,-111.8543"
1000162,"33.2972,-111.8443"
1000163,"33.2972,-111.8343"
1000164,"33.2972,-111.8243"
1000165,"33.2972,-111.8143"
1000166,"33.2972,-111.7943"
1000167,"33.2972,-111.7843"
1000168,"33.2972,-111.7743"
1000169,"33.2972,-111.7543"
1000170,"33.2972,-111.7443"
1000171,"33.2972,-111.7143"
1000172,"33.2972,-111.7043"
1000173,"33.2972,-111.6843"
1000174,"33.3072,-112.0543"
1000175,"33.3072,-112.0343"
1000176,"33.3072,-112.0243"
1000177,"33.3072,-112.0043"
1000178,"33.3072,-111.9943"
1000179,"33.3072,-111.9843"
1000180,"33.3072,-111.9743"
1000181,"33.3072,-111.9643"
1000182,"33.3072,-111.9543"
1000183,"33.3072,-111.9443"
1000184,"33.3072,-111.9243"
1000185,"33.3072,-111.9143"
1000186,"33.3072,-111.9043"
1000187,"33.3072,-111.8943"
1000188,"33.3072,-111.8843"
1000189,"33.3072,-111.8743"
1000190,"33.3072,-111.8643"
1000191,"33.3072,-111.8543"
1000192,"33.3072,-111.8443"
1000193,"33.3072,-111.8343"
1000194,"33.3072,-111.8243"
1000195,"33.3072,-111.8143"
1000196,"33.3072,-111.7943"
1000197,"33.3072,-111.7543"
1000198,"33.3072,-111.7443"
1000199,"33.3072,-111.7343"
1000200,"33.3072,-111.7243"
1000201,"33.3072,-111.7143"
1000202,"33.3072,-111.7043"
1000203,"33.3072,-111.6943"
1000204,"33.3072,-111.6843"
1000205,"33.3072,-111.6743"
1000206,"33.3172,-112.4343"
1000207,"33.3172,-112.0643"
1000208,"33.3172,-112.0143"
1000209,"33.3172,-112.0043"
1000210,"33.3172,-111.9943"
1000211,"33.3172,-111.9843"
1000212,"33.3172,-111.9743"
1000213,"33.3172,-111.9643"
1000214,"33.3172,-111.9543"
1000215,"33.3172,-111.9443"
1000216,"33.3172,-111.9343"
1000217,"33.3172,-111.9243"
1000218,"33.3172,-111.9143"
1000219,"33.3172,-111.9043"
1000220,"33.3172,-111.8943"
1000221,"33.3172,-111.8843"
1000222,"33.3172,-111.8643"
1000223,"33.3172,-111.8543"
1000224,"33.3172,-111.8443"
1000225,"33.3172,-111.8243"
1000226,"33.3172,-111.8143"
1000227,"33.3172,-111.8043"
1000228,"33.3172,-111.7943"
1000229,"33.3172,-111.7843"
1000230,"33.3172,-111.7643"
1000231,"33.3172,-111.7443"
1000232,"33.3172,-111.7343"
1000233,"33.3172,-111.7243"
1000234,"33.3172,-111.7143"
1000235,"33.3172,-111.7043"
1000236,"33.3172,-111.6943"
1000237,"33.3172,-111.6243"
1000238,"33.3172,-111.6143"
1000239,"33.3172,-111.5943"
1000240,"33.3272,-112.5043"
1000241,"33.3272,-112.4843"
1000242,"33.3272,-112.4743"
1000243,"33.3272,-112.4543"
1000244,"33.3272,-112.4343"
1000245,"33.3272,-112.0043"
1000246,"33.3272,-111.9943"
1000247,"33.3272,-111.9543"
1000248,"33.3272,-111.9243"
1000249,"33.3272,-111.9143"
1000250,"33.3272,-111.9043"
1000251,"33.3272,-111.8943"
1000252,"33.3272,-111.8443"
1000253,"33.3272,-111.8243"
1000254,"33.3272,-111.8043"
1000255,"33.3272,-111.7943"
1000256,"33.3272,-111.7843"
1000257,"33.3272,-111.7743"
1000258,"33.3272,-111.7643"
1000259,"33.3272,-111.7343"
1000260,"33.3272,-111.7243"
1000261,"33.3272,-111.7143"
1000262,"33.3272,-111.7043"
1000263,"33.3272,-111.6743"
1000264,"33.3272,-111.6643"
1000265,"33.3272,-111.6043"
1000266,"33.3272,-111.5943"
1000267,"33.3372,-112.6943"
1000268,"33.3372,-112.5043"
1000269,"33.3372,-112.4943"
1000270,"33.3372,-112.4243"
1000271,"33.3372,-111.9943"
1000272,"33.3372,-111.9843"
1000273,"33.3372,-111.9643"
1000274,"33.3372,-111.9543"
1000275,"33.3372,-111.9443"
1000276,"33.3372,-111.9243"
1000277,"33.3372,-111.9143"
1000278,"33.3372,-111.9043"
1000279,"33.3372,-111.8943"
1000280,"33.3372,-111.8743"
1000281,"33.3372,-111.8643"
1000282,"33.3372,-111.8543"
1000283,"33.3372,-111.8443"
1000284,"33.3372,-111.8343"
1000285,"33.3372,-111.8243"
1000286,"33.3372,-111.8143"
1000287,"33.3372,-111.8043"
1000288,"33.3372,-111.7943"
1000289,"33.3372,-111.7743"
1000290,"33.3372,-111.7443"
1000291,"33.3372,-111.7243"
1000292,"33.3372,-111.7043"
1000293,"33.3372,-111.6843"
1000294,"33.3372,-111.5943"
1000295,"33.3372,-111.5843"
1000296,"33.3472,-112.6943"
1000297,"33.3472,-112.6243"
1000298,"33.3472,-112.5043"
1000299,"33.3472,-111.9943"
1000300,"33.3472,-111.9843"
1000301,"33.3472,-111.9643"
1000302,"33.3472,-111.9543"
1000303,"33.3472,-111.9443"
1000304,"33.3472,-111.9243"
1000305,"33.3472,-111.9143"
1000306,"33.3472,-111.9043"
1000307,"33.3472,-111.8943"
1000308,"33.3472,-111.8843"
1000309,"33.3472,-111.8643"
1000310,"33.3472,-111.8343"
1000311,"33.3472,-111.8243"
1000312,"33.3472,-111.8143"
1000313,"33.3472,-111.7943"
1000314,"33.3472,-111.7843"
1000315,"33.3472,-111.7743"
1000316,"33.3472,-111.7443"
1000317,"33.3472,-111.7243"
1000318,"33.3472,-111.7143"
1000319,"33.3472,-111.7043"
1000320,"33.3472,-111.5943"
1000321,"33.3472,-111.5843"
1000322,"33.3572,-112.6943"
1000323,"33.3572,-112.4443"
1000324,"33.3572,-112.4243"
1000325,"33.3572,-112.1743"
1000326,"33.3572,-112.1643"
1000327,"33.3572,-112.1043"
1000328,"33.3572,-111.9843"
1000329,"33.3572,-111.9743"
1000330,"33.3572,-111.9643"
1000331,"33.3572,-111.9543"
1000332,"33.3572,-111.9243"
1000333,"33.3572,-111.9143"
1000334,"33.3572,-111.9043"
1000335,"33.3572,-111.8943"
1000336,"33.3572,-111.8843"
1000337,"33.3572,-111.8243"
1000338,"33.3572,-111.8143"
1000339,"33.3572,-111.7843"
1000340,"33.3572,-111.7643"
1000341,"33.3572,-111.7543"
1000342,"33.3572,-111.7343"
1000343,"33.3572,-111.7043"
1000344,"33.3572,-111.6643"
1000345,"33.3572,-111.6443"
1000346,"33.3572,-111.5843"
1000347,"33.3672,-112.5943"
1000348,"33.3672,-112.5843"
1000349,"33.3672,-112.5043"
1000350,"33.3672,-112.4043"
1000351,"33.3672,-112.1743"
1000352,"33.3672,-112.1643"
1000353,"33.3672,-112.1343"
1000354,"33.3672,-112.0843"
1000355,"33.3672,-112.0743"
1000356,"33.3672,-112.0643"
1000357,"33.3672,-112.0543"
1000358,"33.3672,-112.0343"
1000359,"33.3672,-111.9543"
1000360,"33.3672,-111.9443"
1000361,"33.3672,-111.9243"
1000362,"33.3672,-111.9143"
1000363,"33.3672,-111.9043"
1000364,"33.3672,-111.8743"
1000365,"33.3672,-111.8643"
1000366,"33.3672,-111.8543"
1000367,"33.3672,-111.8443"
1000368,"33.3672,-111.8343"
1000369,"33.3672,-111.8243"
1000370,"33.3672,-111.8043"
1000371,"33.3672,-111.7943"
1000372,"33.3672,-111.7843"
1000373,"33.3672,-111.7743"
1000374,"33.3672,-111.7643"
1000375,"33.3672,-111.7543"
1000376,"33.3672,-111.7343"
1000377,"33.3672,-111.7143"
1000378,"33.3672,-111.7043"
1000379,"33.3672,-111.6943"
1000380,"33.3672,-111.6743"
1000381,"33.3672,-111.6643"
1000382,"33.3672,-111.6543"
1000383,"33.3672,-111.6443"
1000384,"33.3672,-111.6243"
1000385,"33.3672,-111.5943"
1000386,"33.3672,-111.5843"
1000387,"33.3772,-112.7143"
1000388,"33.3772,-112.7043"
1000389,"33.3772,-112.6643"
1000390,"33.3772,-112.6543"
1000391,"33.3772,-112.6443"
1000392,"33.3772,-112.6343"
1000393,"33.3772,-112.5643"
1000394,"33.3772,-112.5543"
1000395,"33.3772,-112.5343"
1000396,"33.3772,-112.5043"
1000397,"33.3772,-112.4943"
1000398,"33.3772,-112.4843"
1000399,"33.3772,-112.4743"
1000400,"33.3772,-112.4643"
1000401,"33.3772,-112.3143"
1000402,"33.3772,-112.2443"
1000403,"33.3772,-112.2343"
1000404,"33.3772,-112.2243"
1000405,"33.3772,-112.2043"
1000406,"33.3772,-112.1943"
1000407,"33.3772,-112.1843"
1000408,"33.3772,-112.1743"
1000409,"33.3772,-112.1643"
1000410,"33.3772,-112.1543"
1000411,"33.3772,-112.1443"
1000412,"33.3772,-112.1343"
1000413,"33.3772,-112.1143"
1000414,"33.3772,-112.0543"
1000415,"33.3772,-112.0043"
1000416,"33.3772,-111.9943"
1000417,"33.3772,-111.9843"
1000418,"33.3772,-111.9743"
1000419,"33.3772,-111.9443"
1000420,"33.3772,-111.9343"
1000421,"33.3772,-111.8943"
1000422,"33.3772,-111.8743"
1000423,"33.3772,-111.8543"
1000424,"33.3772,-111.8443"
1000425,"33.3772,-111.8243"
1000426,"33.3772,-111.8143"
1000427,"33.3772,-111.8043"
1000428,"33.3772,-111.7843"
1000429,"33.3772,-111.7543"
1000430,"33.3772,-111.7443"
1000431,"33.3772,-111.7343"
1000432,"33.3772,-111.7243"
1000433,"33.3772,-111.7143"
1000434,"33.3772,-111.6743"
1000435,"33.3772,-111.6643"
1000436,"33.3772,-111.6543"
1000437,"33.3772,-111.6343"
1000438,"33.3772,-111.6243"
1000439,"33.3772,-111.6143"
1000440,"33.3772,-111.6043"
1000441,"33.3772,-111.5843"
1000442,"33.3872,-112.2143"
1000443,"33.3872,-112.2043"
1000444,"33.3872,-112.1743"
1000445,"33.3872,-112.1643"
1000446,"33.3872,-112.0943"
1000447,"33.3872,-112.0843"
1000448,"33.3872,-112.0743"
1000449,"33.3872,-112.0643"
1000450,"33.3872,-112.0443"
1000451,"33.3872,-112.0043"
1000452,"33.3872,-111.9943"
1000453,"33.3872,-111.9643"
1000454,"33.3872,-111.9543"
1000455,"33.3872,-111.9343"
1000456,"33.3872,-111.9243"
1000457,"33.3872,-111.9143"
1000458,"33.3872,-111.9043"
1000459,"33.3872,-111.8943"
1000460,"33.3872,-111.8843"
1000461,"33.3872,-111.8743"
1000462,"33.3872,-111.8643"
1000463,"33.3872,-111.8543"
1000464,"33.3872,-111.8143"
1000465,"33.3872,-111.8043"
1000466,"33.3872,-111.7543"
1000467,"33.3872,-111.7343"
1000468,"33.3872,-111.7143"
1000469,"33.3872,-111.7043"
1000470,"33.3872,-111.6943"
1000471,"33.3872,-111.6843"
1000472,"33.3872,-111.6743"
1000473,"33.3872,-111.6643"
1000474,"33.3872,-111.6543"
1000475,"33.3872,-111.6443"
1000476,"33.3872,-111.6243"
1000477,"33.3872,-111.6143"
1000478,"33.3872,-111.6043"
1000479,"33.3872,-111.5943"
1000480,"33.3972,-112.5843"
1000481,"33.3972,-112.5643"
1000482,"33.3972,-112.5043"
1000483,"33.3972,-112.3043"
1000484,"33.3972,-112.2543"
1000485,"33.3972,-112.1743"
1000486,"33.3972,-112.1343"
1000487,"33.3972,-112.1243"
1000488,"33.3972,-112.1043"
1000489,"33.3972,-112.0843"
1000490,"33.3972,-112.0743"
1000491,"33.3972,-112.0643"
1000492,"33.3972,-112.0543"
1000493,"33.3972,-112.0443"
1000494,"33.3972,-112.0343"
1000495,"33.3972,-112.0043"
1000496,"33.3972,-111.9843"
1000497,"33.3972,-111.9743"
1000498,"33.3972,-111.9643"
1000499,"33.3972,-111.9343"
1000500,"33.3972,-111.9243"
1000501,"33.3972,-111.9143"
1000502,"33.3972,-111.9043"
1000503,"33.3972,-111.8843"
1000504,"33.3972,-111.8743"
1000505,"33.3972,-111.8543"
1000506,"33.3972,-111.8443"
1000507,"33.3972,-111.8343"
1000508,"33.3972,-111.8243"
1000509,"33.3972,-111.8143"
1000510,"33.3972,-111.8043"
1000511,"33.3972,-111.7843"
1000512,"33.3972,-111.7643"
1000513,"33.3972,-111.7543"
1000514,"33.3972,-111.7443"
1000515,"33.3972,-111.7243"
1000516,"33.3972,-111.6843"
1000517,"33.3972,-111.6743"
1000518,"33.3972,-111.6643"
1000519,"33.3972,-111.6243"
1000520,"33.3972,-111.6143"
1000521,"33.3972,-111.6043"
1000522,"33.3972,-111.5943"
1000523,"33.3972,-111.5843"
1000524,"33.4072,-112.5943"
1000525,"33.4072,-112.5843"
1000526,"33.4072,-112.5243"
1000527,"33.4072,-112.5143"
1000528,"33.4072,-112.5043"
1000529,"33.4072,-112.4443"
1000530,"33.4072,-112.4043"
1000531,"33.4072,-112.2843"
1000532,"33.4072,-112.2043"
1000533,"33.4072,-112.1343"
1000534,"33.4072,-112.1143"
1000535,"33.4072,-112.1043"
1000536,"33.4072,-112.0643"
1000537,"33.4072,-112.0543"
1000538,"33.4072,-112.0443"
1000539,"33.4072,-112.0343"
1000540,"33.4072,-112.0243"
1000541,"33.4072,-112.0143"
1000542,"33.4072,-112.0043"
1000543,"33.4072,-111.9943"
1000544,"33.4072,-111.9843"
1000545,"33.4072,-111.9643"
1000546,"33.4072,-111.9543"
1000547,"33.4072,-111.9443"
1000548,"33.4072,-111.9243"
1000549,"33.4072,-111.9043"
1000550,"33.4072,-111.8943"
1000551,"33.4072,-111.8843"
1000552,"33.4072,-111.8743"
1000553,"33.4072,-111.8643"
1000554,"33.4072,-111.8543"
1000555,"33.4072,-111.8443"
1000556,"33.4072,-111.8343"
1000557,"33.4072,-111.8043"
1000558,"33.4072,-111.7943"
1000559,"33.4072,-111.7743"
1000560,"33.4072,-111.7643"
1000561,"33.4072,-111.7443"
1000562,"33.4072,-111.7343"
1000563,"33.4072,-111.7143"
1000564,"33.4072,-111.6843"
1000565,"33.4072,-111.6443"
1000566,"33.4072,-111.6343"
1000567,"33.4072,-111.6243"
1000568,"33.4072,-111.6143"
1000569,"33.4072,-111.6043"
1000570,"33.4072,-111.5843"
1000571,"33.4172,-112.6043"
1000572,"33.4172,-112.5743"
1000573,"33.4172,-112.5043"
1000574,"33.4172,-112.4443"
1000575,"33.4172,-112.4143"
1000576,"33.4172,-112.4043"
1000577,"33.4172,-112.3043"
1000578,"33.4172,-112.2943"
1000579,"33.4172,-112.2843"
1000580,"33.4172,-112.2743"
1000581,"33.4172,-112.2643"
1000582,"33.4172,-112.2543"
1000583,"33.4172,-112.2443"
1000584,"33.4172,-112.2343"
1000585,"33.4172,-112.2143"
1000586,"33.4172,-112.2043"
1000587,"33.4172,-112.1343"
1000588,"33.4172,-112.0643"
1000589,"33.4172,-112.0043"
1000590,"33.4172,-111.9643"
1000591,"33.4172,-111.9443"
1000592,"33.4172,-111.9243"
1000593,"33.4172,-111.9143"
1000594,"33.4172,-111.8843"
1000595,"33.4172,-111.8743"
1000596,"33.4172,-111.8643"
1000597,"33.4172,-111.8543"
1000598,"33.4172,-111.8443"
1000599,"33.4172,-111.8343"
1000600,"33.4172,-111.8143"
1000601,"33.4172,-111.8043"
1000602,"33.4172,-111.7443"
1000603,"33.4172,-111.7343"
1000604,"33.4172,-111.6943"
1000605,"33.4172,-111.6843"
1000606,"33.4172,-111.6643"
1000607,"33.4172,-111.6443"
1000608,"33.4172,-111.6243"
1000609,"33.4272,-112.6243"
1000610,"33.4272,-112.6143"
1000611,"33.4272,-112.6043"
1000612,"33.4272,-112.5843"
1000613,"33.4272,-112.5543"
1000614,"33.4272,-112.5343"
1000615,"33.4272,-112.5243"
1000616,"33.4272,-112.5143"
1000617,"33.4272,-112.5043"
1000618,"33.4272,-112.4343"
1000619,"33.4272,-112.4043"
1000620,"33.4272,-112.3943"
1000621,"33.4272,-112.3643"
1000622,"33.4272,-112.3143"
1000623,"33.4272,-112.2743"
1000624,"33.4272,-112.2543"
1000625,"33.4272,-112.2443"
1000626,"33.4272,-112.2143"
1000627,"33.4272,-112.2043"
1000628,"33.4272,-112.1543"
1000629,"33.4272,-112.0843"
1000630,"33.4272,-112.0743"
1000631,"33.4272,-112.0543"
1000632,"33.4272,-112.0443"
1000633,"33.4272,-112.0343"
1000634,"33.4272,-111.9543"
1000635,"33.4272,-111.9443"
1000636,"33.4272,-111.9243"
1000637,"33.4272,-111.9043"
1000638,"33.4272,-111.8743"
1000639,"33.4272,-111.8643"
1000640,"33.4272,-111.8543"
1000641,"33.4272,-111.8443"
1000642,"33.4272,-111.8143"
1000643,"33.4272,-111.8043"
1000644,"33.4272,-111.7943"
1000645,"33.4272,-111.7743"
1000646,"33.4272,-111.7643"
1000647,"33.4272,-111.7443"
1000648,"33.4272,-111.7243"
1000649,"33.4272,-111.7143"
1000650,"33.4272,-111.7043"
1000651,"33.4272,-111.6943"
1000652,"33.4272,-111.6843"
1000653,"33.4272,-111.6643"
1000654,"33.4272,-111.6543"
1000655,"33.4272,-111.6243"
1000656,"33.4272,-111.6143"
1000657,"33.4272,-111.5943"
1000658,"33.4272,-111.5843"
1000659,"33.4372,-112.5643"
1000660,"33.4372,-112.5443"
1000661,"33.4372,-112.5343"
1000662,"33.4372,-112.5243"
1000663,"33.4372,-112.5043"
1000664,"33.4372,-112.4443"
1000665,"33.4372,-112.4243"
1000666,"33.4372,-112.4043"
1000667,"33.4372,-112.3543"
1000668,"33.4372,-112.3143"
1000669,"33.4372,-112.3043"
1000670,"33.4372,-112.2443"
1000671,"33.4372,-112.2343"
1000672,"33.4372,-112.2243"
1000673,"33.4372,-112.2143"
1000674,"33.4372,-112.2043"
1000675,"33.4372,-112.1943"
1000676,"33.4372,-112.1843"
1000677,"33.4372,-112.1743"
1000678,"33.4372,-112.1643"
1000679,"33.4372,-112.1543"
1000680,"33.4372,-112.1343"
1000681,"33.4372,-112.1243"
1000682,"33.4372,-112.1043"
1000683,"33.4372,-112.0843"
1000684,"33.4372,-112.0743"
1000685,"33.4372,-112.0643"
1000686,"33.4372,-112.0543"
1000687,"33.4372,-112.0343"
1000688,"33.4372,-111.9543"
1000689,"33.4372,-111.9443"
1000690,"33.4372,-111.8343"
1000691,"33.4372,-111.8143"
1000692,"33.4372,-111.8043"
1000693,"33.4372,-111.7943"
1000694,"33.4372,-111.7843"
1000695,"33.4372,-111.7743"
1000696,"33.4372,-111.7643"
1000697,"33.4372,-111.7543"
1000698,"33.4372,-111.7343"
1000699,"33.4372,-111.7243"
1000700,"33.4372,-111.7143"
1000701,"33.4372,-111.7043"
1000702,"33.4372,-111.6843"
1000703,"33.4372,-111.6743"
1000704,"33.4372,-111.6643"
1000705,"33.4372,-111.6543"
1000706,"33.4372,-111.6443"
1000707,"33.4372,-111.6343"
1000708,"33.4372,-111.6243"
1000709,"33.4372,-111.6143"
1000710,"33.4372,-111.6043"
1000711,"33.4372,-111.5943"
1000712,"33.4372,-111.5843"
1000713,"33.4472,-112.7143"
1000714,"33.4472,-112.5643"
1000715,"33.4472,-112.5443"
1000716,"33.4472,-112.5343"
1000717,"33.4472,-112.5243"
1000718,"33.4472,-112.5043"
1000719,"33.4472,-112.4743"
1000720,"33.4472,-112.4343"
1000721,"33.4472,-112.4143"
1000722,"33.4472,-112.4043"
1000723,"33.4472,-112.3843"
1000724,"33.4472,-112.3543"
1000725,"33.4472,-112.3143"
1000726,"33.4472,-112.2843"
1000727,"33.4472,-112.2643"
1000728,"33.4472,-112.2443"
1000729,"33.4472,-112.2243"
1000730,"33.4472,-112.1243"
1000731,"33.4472,-112.0743"
1000732,"33.4472,-112.0643"
1000733,"33.4472,-112.0543"
1000734,"33.4472,-112.0443"
1000735,"33.4472,-112.0343"
1000736,"33.4472,-111.9943"
1000737,"33.4472,-111.9843"
1000738,"33.4472,-111.9743"
1000739,"33.4472,-111.9543"
1000740,"33.4472,-111.9343"
1000741,"33.4472,-111.9243"
1000742,"33.4472,-111.8543"
1000743,"33.4472,-111.8443"
1000744,"33.4472,-111.8343"
1000745,"33.4472,-111.8243"
1000746,"33.4472,-111.8043"
1000747,"33.4472,-111.7943"
1000748,"33.4472,-111.7843"
1000749,"33.4472,-111.7343"
1000750,"33.4472,-111.7243"
1000751,"33.4472,-111.7143"
1000752,"33.4472,-111.7043"
1000753,"33.4472,-111.6843"
1000754,"33.4472,-111.6743"
1000755,"33.4472,-111.6643"
1000756,"33.4572,-112.7143"
1000757,"33.4572,-112.7043"
1000758,"33.4572,-112.5043"
1000759,"33.4572,-112.4743"
1000760,"33.4572,-112.4643"
1000761,"33.4572,-112.4543"
1000762,"33.4572,-112.4443"
1000763,"33.4572,-112.4143"
1000764,"33.4572,-112.3943"
1000765,"33.4572,-112.3543"
1000766,"33.4572,-112.3443"
1000767,"33.4572,-112.3343"
1000768,"33.4572,-112.3243"
1000769,"33.4572,-112.3043"
1000770,"33.4572,-112.2843"
1000771,"33.4572,-112.2743"
1000772,"33.4572,-112.2643"
1000773,"33.4572,-112.2043"
1000774,"33.4572,-112.1843"
1000775,"33.4572,-112.1543"
1000776,"33.4572,-112.1343"
1000777,"33.4572,-112.1243"
1000778,"33.4572,-112.1043"
1000779,"33.4572,-112.0743"
1000780,"33.4572,-112.0643"
1000781,"33.4572,-112.0543"
1000782,"33.4572,-112.0443"
1000783,"33.4572,-112.0343"
1000784,"33.4572,-112.0043"
1000785,"33.4572,-111.9843"
1000786,"33.4572,-111.9743"
1000787,"33.4572,-111.9543"
1000788,"33.4572,-111.9443"
1000789,"33.4572,-111.9243"
1000790,"33.4572,-111.9143"
1000791,"33.4572,-111.9043"
1000792,"33.4572,-111.8943"
1000793,"33.4572,-111.8743"
1000794,"33.4572,-111.8243"
1000795,"33.4572,-111.7943"
1000796,"33.4572,-111.7743"
1000797,"33.4572,-111.7643"
1000798,"33.4572,-111.7143"
1000799,"33.4572,-111.7043"
1000800,"33.4572,-111.6843"
1000801,"33.4572,-111.6743"
1000802,"33.4572,-111.6643"
1000803,"33.4672,-112.5043"
1000804,"33.4672,-112.4943"
1000805,"33.4672,-112.4743"
1000806,"33.4672,-112.4043"
1000807,"33.4672,-112.3043"
1000808,"33.4672,-112.2743"
1000809,"33.4672,-112.2643"
1000810,"33.4672,-112.2443"
1000811,"33.4672,-112.2243"
1000812,"33.4672,-112.2143"
1000813,"33.4672,-112.2043"
1000814,"33.4672,-112.1943"
1000815,"33.4672,-112.1843"
1000816,"33.4672,-112.1743"
1000817,"33.4672,-112.1643"
1000818,"33.4672,-112.1443"
1000819,"33.4672,-112.1343"
1000820,"33.4672,-112.1143"
1000821,"33.4672,-112.0943"
1000822,"33.4672,-112.0843"
1000823,"33.4672,-112.0743"
1000824,"33.4672,-112.0643"
1000825,"33.4672,-112.0543"
1000826,"33.4672,-112.0443"
1000827,"33.4672,-112.0343"
1000828,"33.4672,-111.9743"
1000829,"33.4672,-111.9343"
1000830,"33.4672,-111.9243"
1000831,"33.4672,-111.9143"
1000832,"33.4672,-111.8943"
1000833,"33.4672,-111.8743"
1000834,"33.4672,-111.8043"
1000835,"33.4672,-111.7843"
1000836,"33.4672,-111.6943"
1000837,"33.4672,-111.6843"
1000838,"33.4672,-111.6643"
1000839,"33.4772,-112.4743"
1000840,"33.4772,-112.4443"
1000841,"33.4772,-112.4243"
1000842,"33.4772,-112.3843"
1000843,"33.4772,-112.3743"
1000844,"33.4772,-112.3643"
1000845,"33.4772,-112.3443"
1000846,"33.4772,-112.3343"
1000847,"33.4772,-112.3243"
1000848,"33.4772,-112.3143"
1000849,"33.4772,-112.3043"
1000850,"33.4772,-112.2943"
1000851,"33.4772,-112.2843"
1000852,"33.4772,-112.2643"
1000853,"33.4772,-112.2543"
1000854,"33.4772,-112.2443"
1000855,"33.4772,-112.2243"
1000856,"33.4772,-112.2143"
1000857,"33.4772,-112.2043"
1000858,"33.4772,-112.1943"
1000859,"33.4772,-112.1843"
1000860,"33.4772,-112.1643"
1000861,"33.4772,-112.1543"
1000862,"33.4772,-112.1443"
1000863,"33.4772,-112.1343"
1000864,"33.4772,-112.1043"
1000865,"33.4772,-112.0943"
1000866,"33.4772,-112.0843"
1000867,"33.4772,-112.0743"
1000868,"33.4772,-112.0643"
1000869,"33.4772,-112.0543"
1000870,"33.4772,-112.0443"
1000871,"33.4772,-112.0343"
1000872,"33.4772,-112.0243"
1000873,"33.4772,-112.0143"
1000874,"33.4772,-111.9943"
1000875,"33.4772,-111.9843"
1000876,"33.4772,-111.9643"
1000877,"33.4772,-111.9543"
1000878,"33.4772,-111.9343"
1000879,"33.4772,-111.8943"
1000880,"33.4772,-111.8743"
1000881,"33.4772,-111.8543"
1000882,"33.4772,-111.8043"
1000883,"33.4772,-111.7843"
1000884,"33.4772,-111.7543"
1000885,"33.4772,-111.7343"
1000886,"33.4772,-111.6943"
1000887,"33.4772,-111.6843"
1000888,"33.4772,-111.6343"
1000889,"33.4772,-111.6043"
1000890,"33.4872,-112.7143"
1000891,"33.4872,-112.7043"
1000892,"33.4872,-112.6943"
1000893,"33.4872,-112.6843"
1000894,"33.4872,-112.4943"
1000895,"33.4872,-112.4843"
1000896,"33.4872,-112.4443"
1000897,"33.4872,-112.3743"
1000898,"33.4872,-112.3643"
1000899,"33.4872,-112.3443"
1000900,"33.4872,-112.3043"
1000901,"33.4872,-112.2943"
1000902,"33.4872,-112.2843"
1000903,"33.4872,-112.2643"
1000904,"33.4872,-112.2543"
1000905,"33.4872,-112.2443"
1000906,"33.4872,-112.2343"
1000907,"33.4872,-112.2243"
1000908,"33.4872,-112.2043"
1000909,"33.4872,-112.1943"
1000910,"33.4872,-112.1843"
1000911,"33.4872,-112.1743"
1000912,"33.4872,-112.1643"
1000913,"33.4872,-112.1543"
1000914,"33.4872,-112.0943"
1000915,"33.4872,-112.0843"
1000916,"33.4872,-112.0743"
1000917,"33.4872,-112.0643"
1000918,"33.4872,-112.0543"
1000919,"33.4872,-112.0443"
1000920,"33.4872,-112.0343"
1000921,"33.4872,-112.0143"
1000922,"33.4872,-112.0043"
1000923,"33.4872,-111.9843"
1000924,"33.4872,-111.9743"
1000925,"33.4872,-111.9643"
1000926,"33.4872,-111.9443"
1000927,"33.4872,-111.9343"
1000928,"33.4872,-111.9243"
1000929,"33.4872,-111.9143"
1000930,"33.4872,-111.9043"
1000931,"33.4872,-111.8743"
1000932,"33.4872,-111.8643"
1000933,"33.4872,-111.6843"
1000934,"33.4872,-111.6643"
1000935,"33.4972,-112.4443"
1000936,"33.4972,-112.4043"
1000937,"33.4972,-112.3943"
1000938,"33.4972,-112.3843"
1000939,"33.4972,-112.3743"
1000940,"33.4972,-112.3343"
1000941,"33.4972,-112.3243"
1000942,"33.4972,-112.2943"
1000943,"33.4972,-112.2743"
1000944,"33.4972,-112.2643"
1000945,"33.4972,-112.2543"
1000946,"33.4972,-112.2343"
1000947,"33.4972,-112.2243"
1000948,"33.4972,-112.1643"
1000949,"33.4972,-112.1543"
1000950,"33.4972,-112.1443"
1000951,"33.4972,-112.1343"
1000952,"33.4972,-112.0943"
1000953,"33.4972,-112.0843"
1000954,"33.4972,-112.0643"
1000955,"33.4972,-112.0543"
1000956,"33.4972,-112.0343"
1000957,"33.4972,-112.0143"
1000958,"33.4972,-112.0043"
1000959,"33.4972,-111.9943"
1000960,"33.4972,-111.9643"
1000961,"33.4972,-111.9543"
1000962,"33.4972,-111.9443"
1000963,"33.4972,-111.9343"
1000964,"33.4972,-111.9243"
1000965,"33.4972,-111.9143"
1000966,"33.4972,-111.9043"
1000967,"33.4972,-111.8943"
1000968,"33.4972,-111.8743"
1000969,"33.4972,-111.8243"
1000970,"33.4972,-111.6843"
1000971,"33.4972,-111.4643"
1000972,"33.5072,-112.4543"
1000973,"33.5072,-112.4443"
1000974,"33.5072,-112.3743"
1000975,"33.5072,-112.3543"
1000976,"33.5072,-112.3443"
1000977,"33.5072,-112.3343"
1000978,"33.5072,-112.3243"
1000979,"33.5072,-112.3043"
1000980,"33.5072,-112.2943"
1000981,"33.5072,-112.2743"
1000982,"33.5072,-112.2643"
1000983,"33.5072,-112.2443"
1000984,"33.5072,-112.2243"
1000985,"33.5072,-112.2143"
1000986,"33.5072,-112.2043"
1000987,"33.5072,-112.1943"
1000988,"33.5072,-112.1643"
1000989,"33.5072,-112.1543"
1000990,"33.5072,-112.1443"
1000991,"33.5072,-112.1343"
1000992,"33.5072,-112.1243"
1000993,"33.5072,-112.1143"
1000994,"33.5072,-112.0843"
1000995,"33.5072,-112.0743"
1000996,"33.5072,-112.0643"
1000997,"33.5072,-112.0543"
1000998,"33.5072,-112.0443"
1000999,"33.5072,-112.0343"
1001000,"33.5072,-112.0243"
1001001,"33.5072,-112.0043"
1001002,"33.5072,-111.9943"
1001003,"33.5072,-111.9743"
1001004,"33.5072,-111.9643"
1001005,"33.5072,-111.9343"
1001006,"33.5072,-111.9043"
1001007,"33.5072,-111.8943"
1001008,"33.5072,-111.7743"
1001009,"33.5072,-111.6843"
1001010,"33.5172,-112.4543"
1001011,"33.5172,-112.4443"
1001012,"33.5172,-112.3543"
1001013,"33.5172,-112.2843"
1001014,"33.5172,-112.2143"
1001015,"33.5172,-112.1843"
1001016,"33.5172,-112.1743"
1001017,"33.5172,-112.1443"
1001018,"33.5172,-112.1343"
1001019,"33.5172,-112.1143"
1001020,"33.5172,-112.1043"
1001021,"33.5172,-112.0943"
1001022,"33.5172,-112.0843"
1001023,"33.5172,-112.0743"
1001024,"33.5172,-112.0643"
1001025,"33.5172,-112.0543"
1001026,"33.5172,-112.0443"
1001027,"33.5172,-112.0043"
1001028,"33.5172,-111.9943"
1001029,"33.5172,-111.9843"
1001030,"33.5172,-111.9343"
1001031,"33.5172,-111.9243"
1001032,"33.5172,-111.9143"
1001033,"33.5172,-111.9043"
1001034,"33.5172,-111.8943"
1001035,"33.5172,-111.8743"
1001036,"33.5172,-111.6743"
1001037,"33.5272,-112.5043"
1001038,"33.5272,-112.4443"
1001039,"33.5272,-112.3543"
1001040,"33.5272,-112.3443"
1001041,"33.5272,-112.3343"
1001042,"33.5272,-112.3243"
1001043,"33.5272,-112.2643"
1001044,"33.5272,-112.2243"
1001045,"33.5272,-112.1943"
1001046,"33.5272,-112.1843"
1001047,"33.5272,-112.1643"
1001048,"33.5272,-112.1543"
1001049,"33.5272,-112.1443"
1001050,"33.5272,-112.1343"
1001051,"33.5272,-112.1043"
1001052,"33.5272,-112.0943"
1001053,"33.5272,-112.0743"
1001054,"33.5272,-112.0643"
1001055,"33.5272,-112.0543"
1001056,"33.5272,-112.0443"
1001057,"33.5272,-112.0043"
1001058,"33.5272,-111.9343"
1001059,"33.5272,-111.9243"
1001060,"33.5272,-111.9143"
1001061,"33.5272,-111.9043"
1001062,"33.5272,-111.8943"
1001063,"33.5272,-111.8743"
1001064,"33.5272,-111.7343"
1001065,"33.5272,-111.6143"
1001066,"33.5372,-112.4543"
1001067,"33.5372,-112.4443"
1001068,"33.5372,-112.4343"
1001069,"33.5372,-112.4243"
1001070,"33.5372,-112.4143"
1001071,"33.5372,-112.3943"
1001072,"33.5372,-112.3543"
1001073,"33.5372,-112.3243"
1001074,"33.5372,-112.2943"
1001075,"33.5372,-112.2743"
1001076,"33.5372,-112.2643"
1001077,"33.5372,-112.2543"
1001078,"33.5372,-112.2443"
1001079,"33.5372,-112.2343"
1001080,"33.5372,-112.2243"
1001081,"33.5372,-112.2143"
1001082,"33.5372,-112.2043"
1001083,"33.5372,-112.1743"
1001084,"33.5372,-112.1643"
1001085,"33.5372,-112.1443"
1001086,"33.5372,-112.1343"
1001087,"33.5372,-112.1243"
1001088,"33.5372,-112.1043"
1001089,"33.5372,-112.0943"
1001090,"33.5372,-112.0843"
1001091,"33.5372,-112.0643"
1001092,"33.5372,-112.0543"
1001093,"33.5372,-112.0443"
1001094,"33.5372,-112.0343"
1001095,"33.5372,-111.9943"
1001096,"33.5372,-111.9843"
1001097,"33.5372,-111.9443"
1001098,"33.5372,-111.9343"
1001099,"33.5372,-111.9243"
1001100,"33.5372,-111.9043"
1001101,"33.5372,-111.8943"
1001102,"33.5472,-112.4443"
1001103,"33.5472,-112.3243"
1001104,"33.5472,-112.2943"
1001105,"33.5472,-112.2243"
1001106,"33.5472,-112.2143"
1001107,"33.5472,-112.2043"
1001108,"33.5472,-112.1843"
1001109,"33.5472,-112.1743"
1001110,"33.5472,-112.1643"
1001111,"33.5472,-112.1543"
1001112,"33.5472,-112.1343"
1001113,"33.5472,-112.1143"
1001114,"33.5472,-112.1043"
1001115,"33.5472,-112.0943"
1001116,"33.5472,-112.0843"
1001117,"33.5472,-112.0743"
1001118,"33.5472,-112.0643"
1001119,"33.5472,-112.0543"
1001120,"33.5472,-112.0343"
1001121,"33.5472,-111.9343"
1001122,"33.5472,-111.9143"
1001123,"33.5472,-111.9043"
1001124,"33.5472,-111.8943"
1001125,"33.5472,-111.8743"
1001126,"33.5472,-111.5943"
1001127,"33.5572,-112.4443"
1001128,"33.5572,-112.3243"
1001129,"33.5572,-112.2843"
1001130,"33.5572,-112.2643"
1001131,"33.5572,-112.2543"
1001132,"33.5572,-112.2443"
1001133,"33.5572,-112.1843"
1001134,"33.5572,-112.1643"
1001135,"33.5572,-112.1543"
1001136,"33.5572,-112.1443"
1001137,"33.5572,-112.1343"
1001138,"33.5572,-112.1243"
1001139,"33.5572,-112.0943"
1001140,"33.5572,-112.0843"
1001141,"33.5572,-112.0743"
1001142,"33.5572,-112.0443"
1001143,"33.5572,-111.9743"
1001144,"33.5572,-111.9643"
1001145,"33.5572,-111.9543"
1001146,"33.5572,-111.9243"
1001147,"33.5572,-111.9143"
1001148,"33.5572,-111.9043"
1001149,"33.5572,-111.8943"
1001150,"33.5572,-111.8843"
1001151,"33.5572,-111.8743"
1001152,"33.5672,-112.4543"
1001153,"33.5672,-112.4443"
1001154,"33.5672,-112.3243"
1001155,"33.5672,-112.2843"
1001156,"33.5672,-112.2643"
1001157,"33.5672,-112.2543"
1001158,"33.5672,-112.2443"
1001159,"33.5672,-112.2243"
1001160,"33.5672,-112.2143"
1001161,"33.5672,-112.2043"
1001162,"33.5672,-112.1943"
1001163,"33.5672,-112.1843"
1001164,"33.5672,-112.1743"
1001165,"33.5672,-112.1643"
1001166,"33.5672,-112.1543"
1001167,"33.5672,-112.1443"
1001168,"33.5672,-112.1343"
1001169,"33.5672,-112.1243"
1001170,"33.5672,-112.0843"
1001171,"33.5672,-112.0743"
1001172,"33.5672,-112.0643"
1001173,"33.5672,-112.0543"
1001174,"33.5672,-112.0143"
1001175,"33.5672,-111.9643"
1001176,"33.5672,-111.9443"
1001177,"33.5672,-111.9243"
1001178,"33.5672,-111.9043"
1001179,"33.5672,-111.8943"
1001180,"33.5672,-111.5443"
1001181,"33.5672,-111.5143"
1001182,"33.5772,-112.4543"
1001183,"33.5772,-112.4443"
1001184,"33.5772,-112.3243"
1001185,"33.5772,-112.2943"
1001186,"33.5772,-112.2843"
1001187,"33.5772,-112.2743"
1001188,"33.5772,-112.2643"
1001189,"33.5772,-112.2543"
1001190,"33.5772,-112.2443"
1001191,"33.5772,-112.2343"
1001192,"33.5772,-112.2243"
1001193,"33.5772,-112.2143"
1001194,"33.5772,-112.2043"
1001195,"33.5772,-112.1843"
1001196,"33.5772,-112.1643"
1001197,"33.5772,-112.1543"
1001198,"33.5772,-112.1343"
1001199,"33.5772,-112.1243"
1001200,"33.5772,-112.0943"
1001201,"33.5772,-112.0843"
1001202,"33.5772,-112.0643"
1001203,"33.5772,-112.0543"
1001204,"33.5772,-112.0443"
1001205,"33.5772,-112.0243"
1001206,"33.5772,-112.0043"
1001207,"33.5772,-111.9943"
1001208,"33.5772,-111.9743"
1001209,"33.5772,-111.9543"
1001210,"33.5772,-111.9143"
1001211,"33.5772,-111.9043"
1001212,"33.5772,-111.8943"
1001213,"33.5772,-111.8843"
1001214,"33.5772,-111.8743"
1001215,"33.5772,-111.8543"
1001216,"33.5772,-111.8343"
1001217,"33.5772,-111.8043"
1001218,"33.5772,-111.7943"
1001219,"33.5772,-111.7743"
1001220,"33.5772,-111.7243"
1001221,"33.5772,-111.7143"
1001222,"33.5872,-112.5343"
1001223,"33.5872,-112.4643"
1001224,"33.5872,-112.4143"
1001225,"33.5872,-112.4043"
1001226,"33.5872,-112.3943"
1001227,"33.5872,-112.3843"
1001228,"33.5872,-112.3443"
1001229,"33.5872,-112.3343"
1001230,"33.5872,-112.3243"
1001231,"33.5872,-112.3143"
1001232,"33.5872,-112.3043"
1001233,"33.5872,-112.2943"
1001234,"33.5872,-112.2843"
1001235,"33.5872,-112.2743"
1001236,"33.5872,-112.2443"
1001237,"33.5872,-112.2343"
1001238,"33.5872,-112.2243"
1001239,"33.5872,-112.2143"
1001240,"33.5872,-112.2043"
1001241,"33.5872,-112.1943"
1001242,"33.5872,-112.1843"
1001243,"33.5872,-112.1743"
1001244,"33.5872,-112.1643"
1001245,"33.5872,-112.1543"
1001246,"33.5872,-112.1443"
1001247,"33.5872,-112.1343"
1001248,"33.5872,-112.1243"
1001249,"33.5872,-112.0943"
1001250,"33.5872,-112.0543"
1001251,"33.5872,-112.0343"
1001252,"33.5872,-112.0243"
1001253,"33.5872,-112.0143"
1001254,"33.5872,-112.0043"
1001255,"33.5872,-111.9843"
1001256,"33.5872,-111.9543"
1001257,"33.5872,-111.9443"
1001258,"33.5872,-111.9243"
1001259,"33.5872,-111.9043"
1001260,"33.5872,-111.8943"
1001261,"33.5872,-111.8843"
1001262,"33.5872,-111.8743"
1001263,"33.5872,-111.8543"
1001264,"33.5872,-111.8043"
1001265,"33.5872,-111.7443"
1001266,"33.5872,-111.7343"
1001267,"33.5872,-111.7143"
1001268,"33.5872,-111.6043"
1001269,"33.5972,-112.4443"
1001270,"33.5972,-112.3943"
1001271,"33.5972,-112.3843"
1001272,"33.5972,-112.3643"
1001273,"33.5972,-112.3343"
1001274,"33.5972,-112.3243"
1001275,"33.5972,-112.3143"
1001276,"33.5972,-112.2943"
1001277,"33.5972,-112.2743"
1001278,"33.5972,-112.2643"
1001279,"33.5972,-112.2443"
1001280,"33.5972,-112.2343"
1001281,"33.5972,-112.2243"
1001282,"33.5972,-112.2143"
1001283,"33.5972,-112.2043"
1001284,"33.5972,-112.1943"
1001285,"33.5972,-112.1843"
1001286,"33.5972,-112.1743"
1001287,"33.5972,-112.1643"
1001288,"33.5972,-112.1543"
1001289,"33.5972,-112.1443"
1001290,"33.5972,-112.1343"
1001291,"33.5972,-112.1243"
1001292,"33.5972,-112.1143"
1001293,"33.5972,-112.1043"
1001294,"33.5972,-112.0343"
1001295,"33.5972,-112.0243"
1001296,"33.5972,-112.0143"
1001297,"33.5972,-112.0043"
1001298,"33.5972,-111.9943"
1001299,"33.5972,-111.9843"
1001300,"33.5972,-111.9743"
1001301,"33.5972,-111.9643"
1001302,"33.5972,-111.9543"
1001303,"33.5972,-111.9443"
1001304,"33.5972,-111.9343"
1001305,"33.5972,-111.9243"
1001306,"33.5972,-111.9143"
1001307,"33.5972,-111.8943"
1001308,"33.5972,-111.8843"
1001309,"33.5972,-111.8743"
1001310,"33.5972,-111.8643"
1001311,"33.5972,-111.8543"
1001312,"33.5972,-111.8443"
1001313,"33.5972,-111.8043"
1001314,"33.5972,-111.7443"
1001315,"33.5972,-111.7343"
1001316,"33.5972,-111.7243"
1001317,"33.5972,-111.7143"
1001318,"33.6072,-112.4443"
1001319,"33.6072,-112.3943"
1001320,"33.6072,-112.3843"
1001321,"33.6072,-112.3743"
1001322,"33.6072,-112.3543"
1001323,"33.6072,-112.3343"
1001324,"33.6072,-112.3243"
1001325,"33.6072,-112.3143"
1001326,"33.6072,-112.3043"
1001327,"33.6072,-112.2943"
1001328,"33.6072,-112.2743"
1001329,"33.6072,-112.2643"
1001330,"33.6072,-112.2443"
1001331,"33.6072,-112.2343"
1001332,"33.6072,-112.2243"
1001333,"33.6072,-112.2143"
1001334,"33.6072,-112.2043"
1001335,"33.6072,-112.1743"
1001336,"33.6072,-112.1643"
1001337,"33.6072,-112.1543"
1001338,"33.6072,-112.1443"
1001339,"33.6072,-112.1043"
1001340,"33.6072,-112.0943"
1001341,"33.6072,-112.0843"
1001342,"33.6072,-112.0743"
1001343,"33.6072,-112.0643"
1001344,"33.6072,-112.0543"
1001345,"33.6072,-112.0243"
1001346,"33.6072,-112.0143"
1001347,"33.6072,-112.0043"
1001348,"33.6072,-111.9943"
1001349,"33.6072,-111.9843"
1001350,"33.6072,-111.9743"
1001351,"33.6072,-111.9543"
1001352,"33.6072,-111.9343"
1001353,"33.6072,-111.9243"
1001354,"33.6072,-111.9043"
1001355,"33.6072,-111.8943"
1001356,"33.6072,-111.8843"
1001357,"33.6072,-111.8743"
1001358,"33.6072,-111.8643"
1001359,"33.6072,-111.8143"
1001360,"33.6072,-111.7643"
1001361,"33.6072,-111.7343"
1001362,"33.6072,-111.7243"
1001363,"33.6072,-111.7143"
1001364,"33.6172,-112.4543"
1001365,"33.6172,-112.4343"
1001366,"33.6172,-112.4043"
1001367,"33.6172,-112.3943"
1001368,"33.6172,-112.3843"
1001369,"33.6172,-112.3743"
1001370,"33.6172,-112.3543"
1001371,"33.6172,-112.3443"
1001372,"33.6172,-112.3343"
1001373,"33.6172,-112.3143"
1001374,"33.6172,-112.2943"
1001375,"33.6172,-112.2743"
1001376,"33.6172,-112.2643"
1001377,"33.6172,-112.2543"
1001378,"33.6172,-112.2343"
1001379,"33.6172,-112.2243"
1001380,"33.6172,-112.2043"
1001381,"33.6172,-112.1843"
1001382,"33.6172,-112.1643"
1001383,"33.6172,-112.1543"
1001384,"33.6172,-112.1443"
1001385,"33.6172,-112.1343"
1001386,"33.6172,-112.1243"
1001387,"33.6172,-112.1143"
1001388,"33.6172,-112.0943"
1001389,"33.6172,-112.0643"
1001390,"33.6172,-112.0543"
1001391,"33.6172,-112.0443"
1001392,"33.6172,-112.0043"
1001393,"33.6172,-111.9943"
1001394,"33.6172,-111.9843"
1001395,"33.6172,-111.9743"
1001396,"33.6172,-111.9643"
1001397,"33.6172,-111.9543"
1001398,"33.6172,-111.9443"
1001399,"33.6172,-111.9343"
1001400,"33.6172,-111.9243"
1001401,"33.6172,-111.9043"
1001402,"33.6172,-111.8843"
1001403,"33.6172,-111.8643"
1001404,"33.6172,-111.8443"
1001405,"33.6172,-111.8243"
1001406,"33.6172,-111.8143"
1001407,"33.6172,-111.7543"
1001408,"33.6172,-111.7443"
1001409,"33.6172,-111.7243"
1001410,"33.6172,-111.7143"
1001411,"33.6172,-111.7043"
1001412,"33.6172,-111.5743"
1001413,"33.6172,-111.5543"
1001414,"33.6272,-112.4543"
1001415,"33.6272,-112.4443"
1001416,"33.6272,-112.4343"
1001417,"33.6272,-112.4143"
1001418,"33.6272,-112.4043"
1001419,"33.6272,-112.3943"
1001420,"33.6272,-112.3843"
1001421,"33.6272,-112.3743"
1001422,"33.6272,-112.3543"
1001423,"33.6272,-112.3443"
1001424,"33.6272,-112.3343"
1001425,"33.6272,-112.3243"
1001426,"33.6272,-112.2943"
1001427,"33.6272,-112.2843"
1001428,"33.6272,-112.2743"
1001429,"33.6272,-112.2543"
1001430,"33.6272,-112.2443"
1001431,"33.6272,-112.2243"
1001432,"33.6272,-112.2043"
1001433,"33.6272,-112.1943"
1001434,"33.6272,-112.1843"
1001435,"33.6272,-112.1743"
1001436,"33.6272,-112.1643"
1001437,"33.6272,-112.1543"
1001438,"33.6272,-112.1343"
1001439,"33.6272,-112.1243"
1001440,"33.6272,-112.1143"
1001441,"33.6272,-112.1043"
1001442,"33.6272,-112.0943"
1001443,"33.6272,-112.0843"
1001444,"33.6272,-112.0743"
1001445,"33.6272,-112.0643"
1001446,"33.6272,-112.0343"
1001447,"33.6272,-112.0243"
1001448,"33.6272,-112.0043"
1001449,"33.6272,-111.9843"
1001450,"33.6272,-111.9643"
1001451,"33.6272,-111.9543"
1001452,"33.6272,-111.9443"
1001453,"33.6272,-111.9243"
1001454,"33.6272,-111.9143"
1001455,"33.6272,-111.8943"
1001456,"33.6272,-111.8843"
1001457,"33.6272,-111.8643"
1001458,"33.6272,-111.8543"
1001459,"33.6272,-111.7543"
1001460,"33.6272,-111.7143"
1001461,"33.6272,-111.7043"
1001462,"33.6272,-111.6943"
1001463,"33.6372,-112.4543"
1001464,"33.6372,-112.4443"
1001465,"33.6372,-112.4343"
1001466,"33.6372,-112.4243"
1001467,"33.6372,-112.4143"
1001468,"33.6372,-112.4043"
1001469,"33.6372,-112.3943"
1001470,"33.6372,-112.3843"
1001471,"33.6372,-112.3643"
1001472,"33.6372,-112.3543"
1001473,"33.6372,-112.3343"
1001474,"33.6372,-112.3243"
1001475,"33.6372,-112.3043"
1001476,"33.6372,-112.2943"
1001477,"33.6372,-112.2843"
1001478,"33.6372,-112.2743"
1001479,"33.6372,-112.2643"
1001480,"33.6372,-112.2543"
1001481,"33.6372,-112.2343"
1001482,"33.6372,-112.2243"
1001483,"33.6372,-112.2043"
1001484,"33.6372,-112.1943"
1001485,"33.6372,-112.1843"
1001486,"33.6372,-112.1643"
1001487,"33.6372,-112.1443"
1001488,"33.6372,-112.1343"
1001489,"33.6372,-112.1243"
1001490,"33.6372,-112.1143"
1001491,"33.6372,-112.1043"
1001492,"33.6372,-112.0943"
1001493,"33.6372,-112.0843"
1001494,"33.6372,-112.0643"
1001495,"33.6372,-112.0443"
1001496,"33.6372,-112.0343"
1001497,"33.6372,-112.0243"
1001498,"33.6372,-112.0143"
1001499,"33.6372,-112.0043"
1001500,"33.6372,-111.9943"
1001501,"33.6372,-111.9843"
1001502,"33.6372,-111.9643"
1001503,"33.6372,-111.9543"
1001504,"33.6372,-111.9443"
1001505,"33.6372,-111.9343"
1001506,"33.6372,-111.9243"
1001507,"33.6372,-111.9143"
1001508,"33.6372,-111.8943"
1001509,"33.6372,-111.8843"
1001510,"33.6372,-111.8643"
1001511,"33.6372,-111.8443"
1001512,"33.6372,-111.7543"
1001513,"33.6372,-111.7443"
1001514,"33.6372,-111.6743"
1001515,"33.6372,-111.5443"
1001516,"33.6472,-112.4543"
1001517,"33.6472,-112.4243"
1001518,"33.6472,-112.4143"
1001519,"33.6472,-112.3943"
1001520,"33.6472,-112.3843"
1001521,"33.6472,-112.3543"
1001522,"33.6472,-112.3443"
1001523,"33.6472,-112.3343"
1001524,"33.6472,-112.3043"
1001525,"33.6472,-112.2943"
1001526,"33.6472,-112.2643"
1001527,"33.6472,-112.2343"
1001528,"33.6472,-112.2243"
1001529,"33.6472,-112.2043"
1001530,"33.6472,-112.1943"
1001531,"33.6472,-112.1843"
1001532,"33.6472,-112.1743"
1001533,"33.6472,-112.1643"
1001534,"33.6472,-112.1543"
1001535,"33.6472,-112.1443"
1001536,"33.6472,-112.1243"
1001537,"33.6472,-112.1143"
1001538,"33.6472,-112.0943"
1001539,"33.6472,-112.0843"
1001540,"33.6472,-112.0743"
1001541,"33.6472,-112.0643"
1001542,"33.6472,-112.0543"
1001543,"33.6472,-112.0343"
1001544,"33.6472,-112.0243"
1001545,"33.6472,-112.0043"
1001546,"33.6472,-111.9943"
1001547,"33.6472,-111.9643"
1001548,"33.6472,-111.9543"
1001549,"33.6472,-111.9143"
1001550,"33.6472,-111.9043"
1001551,"33.6472,-111.8943"
1001552,"33.6472,-111.8843"
1001553,"33.6572,-112.6743"
1001554,"33.6572,-112.6543"
1001555,"33.6572,-112.4343"
1001556,"33.6572,-112.4243"
1001557,"33.6572,-112.4143"
1001558,"33.6572,-112.4043"
1001559,"33.6572,-112.3943"
1001560,"33.6572,-112.3843"
1001561,"33.6572,-112.3743"
1001562,"33.6572,-112.3643"
1001563,"33.6572,-112.3543"
1001564,"33.6572,-112.3443"
1001565,"33.6572,-112.3243"
1001566,"33.6572,-112.2943"
1001567,"33.6572,-112.2843"
1001568,"33.6572,-112.2643"
1001569,"33.6572,-112.2543"
1001570,"33.6572,-112.2443"
1001571,"33.6572,-112.2243"
1001572,"33.6572,-112.2143"
1001573,"33.6572,-112.2043"
1001574,"33.6572,-112.1943"
1001575,"33.6572,-112.1743"
1001576,"33.6572,-112.1643"
1001577,"33.6572,-112.1543"
1001578,"33.6572,-112.1343"
1001579,"33.6572,-112.1243"
1001580,"33.6572,-112.1143"
1001581,"33.6572,-112.1043"
1001582,"33.6572,-112.0943"
1001583,"33.6572,-112.0843"
1001584,"33.6572,-112.0743"
1001585,"33.6572,-112.0643"
1001586,"33.6572,-112.0543"
1001587,"33.6572,-112.0343"
1001588,"33.6572,-112.0243"
1001589,"33.6572,-112.0143"
1001590,"33.6572,-112.0043"
1001591,"33.6572,-111.9943"
1001592,"33.6572,-111.9843"
1001593,"33.6572,-111.9543"
1001594,"33.6572,-111.9443"
1001595,"33.6572,-111.9243"
1001596,"33.6572,-111.8843"
1001597,"33.6572,-111.8743"
1001598,"33.6672,-112.6343"
1001599,"33.6672,-112.6243"
1001600,"33.6672,-112.4243"
1001601,"33.6672,-112.4143"
1001602,"33.6672,-112.4043"
1001603,"33.6672,-112.3943"
1001604,"33.6672,-112.3343"
1001605,"33.6672,-112.2943"
1001606,"33.6672,-112.2843"
1001607,"33.6672,-112.2743"
1001608,"33.6672,-112.2643"
1001609,"33.6672,-112.2543"
1001610,"33.6672,-112.2443"
1001611,"33.6672,-112.2343"
1001612,"33.6672,-112.2243"
1001613,"33.6672,-112.2143"
1001614,"33.6672,-112.2043"
1001615,"33.6672,-112.1743"
1001616,"33.6672,-112.1643"
1001617,"33.6672,-112.1543"
1001618,"33.6672,-112.1343"
1001619,"33.6672,-112.1243"
1001620,"33.6672,-112.1143"
1001621,"33.6672,-112.1043"
1001622,"33.6672,-112.0943"
1001623,"33.6672,-112.0743"
1001624,"33.6672,-112.0343"
1001625,"33.6672,-111.9043"
1001626,"33.6672,-111.8843"
1001627,"33.6672,-111.8643"
1001628,"33.6672,-111.5143"
1001629,"33.6772,-112.4143"
1001630,"33.6772,-112.4043"
1001631,"33.6772,-112.3943"
1001632,"33.6772,-112.3843"
1001633,"33.6772,-112.3743"
1001634,"33.6772,-112.3643"
1001635,"33.6772,-112.3543"
1001636,"33.6772,-112.3443"
1001637,"33.6772,-112.3343"
1001638,"33.6772,-112.3143"
1001639,"33.6772,-112.2943"
1001640,"33.6772,-112.2743"
1001641,"33.6772,-112.2643"
1001642,"33.6772,-112.2543"
1001643,"33.6772,-112.2443"
1001644,"33.6772,-112.2343"
1001645,"33.6772,-112.2143"
1001646,"33.6772,-112.2043"
1001647,"33.6772,-112.1943"
1001648,"33.6772,-112.1843"
1001649,"33.6772,-112.1743"
1001650,"33.6772,-112.1443"
1001651,"33.6772,-112.1343"
1001652,"33.6772,-112.1243"
1001653,"33.6772,-112.0643"
1001654,"33.6772,-112.0343"
1001655,"33.6772,-112.0243"
1001656,"33.6772,-112.0043"
1001657,"33.6772,-111.9743"
1001658,"33.6772,-111.9643"
1001659,"33.6772,-111.9243"
1001660,"33.6772,-111.9143"
1001661,"33.6772,-111.8943"
1001662,"33.6772,-111.5043"
1001663,"33.6872,-112.5343"
1001664,"33.6872,-112.4143"
1001665,"33.6872,-112.3843"
1001666,"33.6872,-112.3743"
1001667,"33.6872,-112.3643"
1001668,"33.6872,-112.3543"
1001669,"33.6872,-112.3143"
1001670,"33.6872,-112.2743"
1001671,"33.6872,-112.2443"
1001672,"33.6872,-112.2343"
1001673,"33.6872,-112.2243"
1001674,"33.6872,-112.2143"
1001675,"33.6872,-112.2043"
1001676,"33.6872,-112.1343"
1001677,"33.6872,-112.1243"
1001678,"33.6872,-112.1143"
1001679,"33.6872,-112.1043"
1001680,"33.6872,-112.0343"
1001681,"33.6872,-112.0243"
1001682,"33.6872,-112.0143"
1001683,"33.6872,-112.0043"
1001684,"33.6872,-111.9943"
1001685,"33.6872,-111.9743"
1001686,"33.6872,-111.9243"
1001687,"33.6872,-111.8843"
1001688,"33.6972,-112.5343"
1001689,"33.6972,-112.4443"
1001690,"33.6972,-112.4243"
1001691,"33.6972,-112.4143"
1001692,"33.6972,-112.3343"
1001693,"33.6972,-112.3243"
1001694,"33.6972,-112.3143"
1001695,"33.6972,-112.2743"
1001696,"33.6972,-112.2643"
1001697,"33.6972,-112.2443"
1001698,"33.6972,-112.2343"
1001699,"33.6972,-112.2243"
1001700,"33.6972,-112.1343"
1001701,"33.6972,-112.1143"
1001702,"33.6972,-112.1043"
1001703,"33.6972,-112.0943"
1001704,"33.6972,-112.0743"
1001705,"33.6972,-112.0643"
1001706,"33.6972,-112.0343"
1001707,"33.6972,-112.0143"
1001708,"33.6972,-111.9943"
1001709,"33.6972,-111.9843"
1001710,"33.6972,-111.9243"
1001711,"33.6972,-111.8943"
1001712,"33.6972,-111.8843"
1001713,"33.6972,-111.8043"
1001714,"33.7072,-112.4743"
1001715,"33.7072,-112.4543"
1001716,"33.7072,-112.4443"
1001717,"33.7072,-112.4043"
1001718,"33.7072,-112.3043"
1001719,"33.7072,-112.2743"
1001720,"33.7072,-112.2643"
1001721,"33.7072,-112.2543"
1001722,"33.7072,-112.2143"
1001723,"33.7072,-112.2043"
1001724,"33.7072,-112.1743"
1001725,"33.7072,-112.1443"
1001726,"33.7072,-112.0243"
1001727,"33.7072,-111.9143"
1001728,"33.7072,-111.8943"
1001729,"33.7072,-111.8043"
1001730,"33.7172,-112.4143"
1001731,"33.7172,-112.3843"
1001732,"33.7172,-112.3443"
1001733,"33.7172,-112.2843"
1001734,"33.7172,-112.2743"
1001735,"33.7172,-112.2143"
1001736,"33.7172,-112.2043"
1001737,"33.7172,-112.1743"
1001738,"33.7172,-112.1643"
1001739,"33.7172,-112.1543"
1001740,"33.7172,-112.1443"
1001741,"33.7172,-112.1343"
1001742,"33.7172,-112.1143"
1001743,"33.7172,-112.0743"
1001744,"33.7172,-112.0143"
1001745,"33.7172,-111.8943"
1001746,"33.7172,-111.8343"
1001747,"33.7272,-112.5343"
1001748,"33.7272,-112.5043"
1001749,"33.7272,-112.4343"
1001750,"33.7272,-112.3943"
1001751,"33.7272,-112.3743"
1001752,"33.7272,-112.1643"
1001753,"33.7272,-112.1143"
1001754,"33.7272,-112.1043"
1001755,"33.7272,-112.0943"
1001756,"33.7272,-111.9943"
1001757,"33.7272,-111.9843"
1001758,"33.7272,-111.9443"
1001759,"33.7272,-111.8843"
1001760,"33.7272,-111.8643"
1001761,"33.7272,-111.8543"
1001762,"33.7272,-111.8343"
1001763,"33.7272,-111.8243"
1001764,"33.7272,-111.8043"
1001765,"33.7272,-111.4143"
1001766,"33.7372,-112.5043"
1001767,"33.7372,-112.3843"
1001768,"33.7372,-112.3043"
1001769,"33.7372,-112.2743"
1001770,"33.7372,-112.2543"
1001771,"33.7372,-112.1243"
1001772,"33.7372,-112.1143"
1001773,"33.7372,-112.0943"
1001774,"33.7372,-111.9243"
1001775,"33.7372,-111.8043"
1001776,"33.7472,-112.4043"
1001777,"33.7472,-112.3943"
1001778,"33.7472,-112.3043"
1001779,"33.7472,-112.1243"
1001780,"33.7472,-111.9843"
1001781,"33.7472,-111.9743"
1001782,"33.7472,-111.9443"
1001783,"33.7472,-111.9343"
1001784,"33.7472,-111.5043"
1001785,"33.7572,-112.3343"
1001786,"33.7572,-112.2143"
1001787,"33.7572,-112.1243"
1001788,"33.7572,-112.1143"
1001789,"33.7572,-111.9943"
1001790,"33.7572,-111.9843"
1001791,"33.7672,-112.5343"
1001792,"33.7672,-112.5143"
1001793,"33.7672,-112.2843"
1001794,"33.7672,-112.1143"
1001795,"33.7672,-112.0443"
1001796,"33.7672,-111.9943"
1001797,"33.7672,-111.9843"
1001798,"33.7672,-111.9743"
1001799,"33.7672,-111.9343"
1001800,"33.7672,-111.4943"
1001801,"33.7772,-112.2343"
1001802,"33.7772,-112.1843"
1001803,"33.7772,-112.0443"
1001804,"33.7772,-111.9943"
1001805,"33.7772,-111.9843"
1001806,"33.7772,-111.9343"
1001807,"33.7772,-111.9243"
1001808,"33.7872,-112.5443"
1001809,"33.7872,-112.1143"
1001810,"33.7872,-112.0643"
1001811,"33.7872,-111.9843"
1001812,"33.7872,-111.9443"
1001813,"33.7872,-111.9343"
1001814,"33.7872,-111.9043"
1001815,"33.7972,-112.1343"
1001816,"33.7972,-112.1143"
1001817,"33.7972,-112.0743"
1001818,"33.7972,-111.9743"
1001819,"33.7972,-111.9643"
1001820,"33.7972,-111.8943"
1001821,"33.8072,-112.2443"
1001822,"33.8072,-112.1343"
1001823,"33.8072,-112.1243"
1001824,"33.8072,-112.0843"
1001825,"33.8072,-111.9743"
1001826,"33.8072,-111.9543"
1001827,"33.8072,-111.8743"
1001828,"33.8172,-112.5843"
1001829,"33.8172,-111.9543"
1001830,"33.8172,-111.9243"
1001831,"33.8172,-111.8943"
1001832,"33.8172,-111.8843"
1001833,"33.8272,-112.2543"
1001834,"33.8272,-112.1443"
1001835,"33.8272,-112.0343"
1001836,"33.8272,-111.9243"
1001837,"33.8272,-111.8943"
1001838,"33.8272,-111.8643"
1001839,"33.8372,-112.4743"
1001840,"33.8372,-112.1443"
1001841,"33.8372,-112.1343"
1001842,"33.8372,-111.8943"
1001843,"33.8372,-111.8443"
1001844,"33.8472,-112.6143"
1001845,"33.8472,-112.1343"
1001846,"33.8472,-112.1143"
1001847,"33.8472,-112.1043"
1001848,"33.8472,-112.0943"
1001849,"33.8472,-111.9543"
1001850,"33.8472,-111.9443"
1001851,"33.8572,-112.5843"
1001852,"33.8572,-112.1443"
1001853,"33.8572,-112.1343"
1001854,"33.8572,-112.1243"
1001855,"33.8572,-112.1143"
1001856,"33.8572,-112.0143"
1001857,"33.8572,-111.9643"
1001858,"33.8572,-111.9543"
1001859,"33.8572,-111.9443"
1001860,"33.8572,-111.9343"
1001861,"33.8672,-112.1543"
1001862,"33.8672,-112.1343"
1001863,"33.8672,-112.0143"
1001864,"33.8672,-111.7243"
1001865,"33.8772,-112.1643"
1001866,"33.8772,-112.1543"
1001867,"33.8772,-112.1443"
1001868,"33.8772,-111.7343"
1001869,"33.8872,-112.0643"
1001870,"33.8872,-111.9743"
1001871,"33.9072,-112.1543"
1001872,"33.9072,-112.0843"
1001873,"33.9172,-112.1443"
1001874,"33.9172,-112.1143"
1001875,"33.9172,-112.0943"
1001876,"33.9172,-111.4543"
1001877,"33.9272,-112.0943"
1001878,"33.9372,-112.6943"
1001879,"33.9472,-112.7043"
1001880,"33.9872,-112.6943"
1001881,"33.9972,-112.1343"
1001882,"34.0072,-112.1343"
