1000000,"33.648311,-84.465924"
1000001,"33.648311,-84.460924"
1000002,"33.648311,-84.390924"
1000003,"33.648311,-84.385924"
1000004,"33.653311,-84.460924"
1000005,"33.653311,-84.455924"
1000006,"33.653311,-84.450924"
1000007,"33.653311,-84.445924"
1000008,"33.653311,-84.440924"
1000009,"33.653311,-84.395924"
1000010,"33.658311,-84.450924"
1000011,"33.658311,-84.415924"
1000012,"33.658311,-84.405924"
1000013,"33.658311,-84.400924"
1000014,"33.658311,-84.395924"
1000015,"33.658311,-84.380924"
1000016,"33.658311,-84.375924"
1000017,"33.658311,-84.370924"
1000018,"33.658311,-84.355924"
1000019,"33.658311,-84.350924"
1000020,"33.663311,-84.465924"
1000021,"33.663311,-84.460924"
1000022,"33.663311,-84.455924"
1000023,"33.663311,-84.450924"
1000024,"33.663311,-84.445924"
1000025,"33.663311,-84.435924"
1000026,"33.663311,-84.430924"
1000027,"33.663311,-84.425924"
1000028,"33.663311,-84.420924"
1000029,"33.663311,-84.415924"
1000030,"33.663311,-84.410924"
1000031,"33.663311,-84.405924"
1000032,"33.663311,-84.395924"
1000033,"33.663311,-84.385924"
1000034,"33.663311,-84.375924"
1000035,"33.663311,-84.355924"
1000036,"33.663311,-84.350924"
1000037,"33.668311,-84.460924"
1000038,"33.668311,-84.455924"
1000039,"33.668311,-84.445924"
1000040,"33.668311,-84.440924"
1000041,"33.668311,-84.435924"
1000042,"33.668311,-84.415924"
1000043,"33.668311,-84.410924"
1000044,"33.668311,-84.405924"
1000045,"33.668311,-84.400924"
1000046,"33.668311,-84.395924"
1000047,"33.668311,-84.390924"
1000048,"33.668311,-84.385924"
1000049,"33.668311,-84.365924"
1000050,"33.673311,-84.460924"
1000051,"33.673311,-84.455924"
1000052,"33.673311,-84.450924"
1000053,"33.673311,-84.445924"
1000054,"33.673311,-84.440924"
1000055,"33.673311,-84.435924"
1000056,"33.673311,-84.430924"
1000057,"33.673311,-84.425924"
1000058,"33.673311,-84.420924"
1000059,"33.673311,-84.410924"
1000060,"33.673311,-84.405924"
1000061,"33.673311,-84.400924"
1000062,"33.673311,-84.395924"
1000063,"33.673311,-84.380924"
1000064,"33.678311,-84.465924"
1000065,"33.678311,-84.455924"
1000066,"33.678311,-84.450924"
1000067,"33.678311,-84.445924"
1000068,"33.678311,-84.440924"
1000069,"33.678311,-84.435924"
1000070,"33.678311,-84.430924"
1000071,"33.678311,-84.420924"
1000072,"33.678311,-84.415924"
1000073,"33.678311,-84.400924"
1000074,"33.678311,-84.395924"
1000075,"33.678311,-84.390924"
1000076,"33.678311,-84.380924"
1000077,"33.683311,-84.465924"
1000078,"33.683311,-84.460924"
1000079,"33.683311,-84.455924"
1000080,"33.683311,-84.450924"
1000081,"33.683311,-84.445924"
1000082,"33.683311,-84.440924"
1000083,"33.683311,-84.430924"
1000084,"33.683311,-84.425924"
1000085,"33.683311,-84.410924"
1000086,"33.683311,-84.405924"
1000087,"33.683311,-84.400924"
1000088,"33.683311,-84.385924"
1000089,"33.683311,-84.355924"
1000090,"33.683311,-84.350924"
1000091,"33.688311,-84.455924"
1000092,"33.688311,-84.450924"
1000093,"33.688311,-84.440924"
1000094,"33.688311,-84.435924"
1000095,"33.688311,-84.425924"
1000096,"33.688311,-84.420924"
1000097,"33.688311,-84.415924"
1000098,"33.688311,-84.410924"
1000099,"33.688311,-84.405924"
1000100,"33.688311,-84.400924"
1000101,"33.688311,-84.390924"
1000102,"33.688311,-84.385924"
1000103,"33.688311,-84.380924"
1000104,"33.688311,-84.365924"
1000105,"33.688311,-84.360924"
1000106,"33.688311,-84.355924"
1000107,"33.693311,-84.465924"
1000108,"33.693311,-84.460924"
1000109,"33.693311,-84.455924"
1000110,"33.693311,-84.450924"
1000111,"33.693311,-84.440924"
1000112,"33.693311,-84.435924"
1000113,"33.693311,-84.415924"
1000114,"33.693311,-84.410924"
1000115,"33.693311,-84.400924"
1000116,"33.693311,-84.395924"
1000117,"33.693311,-84.390924"
1000118,"33.693311,-84.375924"
1000119,"33.693311,-84.370924"
1000120,"33.693311,-84.365924"
1000121,"33.693311,-84.360924"
1000122,"33.693311,-84.355924"
1000123,"33.693311,-84.350924"
1000124,"33.698311,-84.465924"
1000125,"33.698311,-84.460924"
1000126,"33.698311,-84.455924"
1000127,"33.698311,-84.450924"
1000128,"33.698311,-84.440924"
1000129,"33.698311,-84.435924"
1000130,"33.698311,-84.430924"
1000131,"33.698311,-84.420924"
1000132,"33.698311,-84.415924"
1000133,"33.698311,-84.405924"
1000134,"33.698311,-84.400924"
1000135,"33.698311,-84.395924"
1000136,"33.698311,-84.390924"
1000137,"33.698311,-84.380924"
1000138,"33.698311,-84.375924"
1000139,"33.698311,-84.370924"
1000140,"33.698311,-84.360924"
1000141,"33.698311,-84.355924"
1000142,"33.698311,-84.350924"
1000143,"33.703311,-84.445924"
1000144,"33.703311,-84.420924"
1000145,"33.703311,-84.415924"
1000146,"33.703311,-84.410924"
1000147,"33.703311,-84.405924"
1000148,"33.703311,-84.400924"
1000149,"33.703311,-84.395924"
1000150,"33.703311,-84.380924"
1000151,"33.703311,-84.375924"
1000152,"33.703311,-84.365924"
1000153,"33.703311,-84.355924"
1000154,"33.703311,-84.350924"
1000155,"33.708311,-84.455924"
1000156,"33.708311,-84.450924"
1000157,"33.708311,-84.420924"
1000158,"33.708311,-84.415924"
1000159,"33.708311,-84.410924"
1000160,"33.708311,-84.395924"
1000161,"33.708311,-84.380924"
1000162,"33.708311,-84.355924"
1000163,"33.713311,-84.455924"
1000164,"33.713311,-84.445924"
1000165,"33.713311,-84.440924"
1000166,"33.713311,-84.425924"
1000167,"33.713311,-84.415924"
1000168,"33.713311,-84.410924"
1000169,"33.713311,-84.400924"
1000170,"33.713311,-84.390924"
1000171,"33.713311,-84.385924"
1000172,"33.713311,-84.380924"
1000173,"33.713311,-84.365924"
1000174,"33.713311,-84.355924"
1000175,"33.713311,-84.350924"
1000176,"33.718311,-84.465924"
1000177,"33.718311,-84.460924"
1000178,"33.718311,-84.455924"
1000179,"33.718311,-84.440924"
1000180,"33.718311,-84.435924"
1000181,"33.718311,-84.430924"
1000182,"33.718311,-84.425924"
1000183,"33.718311,-84.420924"
1000184,"33.718311,-84.415924"
1000185,"33.718311,-84.410924"
1000186,"33.718311,-84.405924"
1000187,"33.718311,-84.390924"
1000188,"33.718311,-84.385924"
1000189,"33.723311,-84.465924"
1000190,"33.723311,-84.460924"
1000191,"33.723311,-84.450924"
1000192,"33.723311,-84.435924"
1000193,"33.723311,-84.430924"
1000194,"33.723311,-84.420924"
1000195,"33.723311,-84.410924"
1000196,"33.723311,-84.405924"
1000197,"33.723311,-84.400924"
1000198,"33.723311,-84.395924"
1000199,"33.723311,-84.365924"
1000200,"33.723311,-84.350924"
1000201,"33.728311,-84.440924"
1000202,"33.728311,-84.430924"
1000203,"33.728311,-84.425924"
1000204,"33.728311,-84.415924"
1000205,"33.728311,-84.410924"
1000206,"33.728311,-84.405924"
1000207,"33.728311,-84.400924"
1000208,"33.728311,-84.390924"
1000209,"33.728311,-84.385924"
1000210,"33.728311,-84.380924"
1000211,"33.728311,-84.370924"
1000212,"33.728311,-84.365924"
1000213,"33.728311,-84.360924"
1000214,"33.728311,-84.355924"
1000215,"33.728311,-84.350924"
1000216,"33.733311,-84.455924"
1000217,"33.733311,-84.450924"
1000218,"33.733311,-84.445924"
1000219,"33.733311,-84.440924"
1000220,"33.733311,-84.435924"
1000221,"33.733311,-84.430924"
1000222,"33.733311,-84.420924"
1000223,"33.733311,-84.415924"
1000224,"33.733311,-84.410924"
1000225,"33.733311,-84.405924"
1000226,"33.733311,-84.400924"
1000227,"33.733311,-84.395924"
1000228,"33.733311,-84.390924"
1000229,"33.733311,-84.385924"
1000230,"33.733311,-84.380924"
1000231,"33.733311,-84.375924"
1000232,"33.733311,-84.370924"
1000233,"33.733311,-84.365924"
1000234,"33.733311,-84.360924"
1000235,"33.733311,-84.355924"
1000236,"33.733311,-84.350924"
1000237,"33.738311,-84.460924"
1000238,"33.738311,-84.455924"
1000239,"33.738311,-84.450924"
1000240,"33.738311,-84.445924"
1000241,"33.738311,-84.440924"
1000242,"33.738311,-84.435924"
1000243,"33.738311,-84.430924"
1000244,"33.738311,-84.425924"
1000245,"33.738311,-84.420924"
1000246,"33.738311,-84.415924"
1000247,"33.738311,-84.410924"
1000248,"33.738311,-84.405924"
1000249,"33.738311,-84.400924"
1000250,"33.738311,-84.395924"
1000251,"33.738311,-84.390924"
1000252,"33.738311,-84.385924"
1000253,"33.738311,-84.380924"
1000254,"33.738311,-84.375924"
1000255,"33.738311,-84.350924"
1000256,"33.743311,-84.455924"
1000257,"33.743311,-84.450924"
1000258,"33.743311,-84.445924"
1000259,"33.743311,-84.440924"
1000260,"33.743311,-84.435924"
1000261,"33.743311,-84.430924"
1000262,"33.743311,-84.425924"
1000263,"33.743311,-84.420924"
1000264,"33.743311,-84.415924"
1000265,"33.743311,-84.410924"
1000266,"33.743311,-84.400924"
1000267,"33.743311,-84.395924"
1000268,"33.743311,-84.385924"
1000269,"33.743311,-84.380924"
1000270,"33.743311,-84.375924"
1000271,"33.743311,-84.370924"
1000272,"33.743311,-84.365924"
1000273,"33.743311,-84.360924"
1000274,"33.743311,-84.355924"
1000275,"33.743311,-84.350924"
1000276,"33.748311,-84.460924"
1000277,"33.748311,-84.455924"
1000278,"33.748311,-84.450924"
1000279,"33.748311,-84.445924"
1000280,"33.748311,-84.440924"
1000281,"33.748311,-84.435924"
1000282,"33.748311,-84.430924"
1000283,"33.748311,-84.425924"
1000284,"33.748311,-84.420924"
1000285,"33.748311,-84.415924"
1000286,"33.748311,-84.410924"
1000287,"33.748311,-84.405924"
1000288,"33.748311,-84.400924"
1000289,"33.748311,-84.395924"
1000290,"33.748311,-84.390924"
1000291,"33.748311,-84.385924"
1000292,"33.748311,-84.380924"
1000293,"33.748311,-84.375924"
1000294,"33.748311,-84.370924"
1000295,"33.748311,-84.365924"
1000296,"33.748311,-84.355924"
1000297,"33.748311,-84.350924"
1000298,"33.753311,-84.455924"
1000299,"33.753311,-84.450924"
1000300,"33.753311,-84.445924"
1000301,"33.753311,-84.440924"
1000302,"33.753311,-84.435924"
1000303,"33.753311,-84.430924"
1000304,"33.753311,-84.425924"
1000305,"33.753311,-84.415924"
1000306,"33.753311,-84.390924"
1000307,"33.753311,-84.385924"
1000308,"33.753311,-84.380924"
1000309,"33.753311,-84.375924"
1000310,"33.753311,-84.370924"
1000311,"33.753311,-84.365924"
1000312,"33.753311,-84.350924"
1000313,"33.758311,-84.465924"
1000314,"33.758311,-84.460924"
1000315,"33.758311,-84.445924"
1000316,"33.758311,-84.435924"
1000317,"33.758311,-84.430924"
1000318,"33.758311,-84.425924"
1000319,"33.758311,-84.420924"
1000320,"33.758311,-84.410924"
1000321,"33.758311,-84.405924"
1000322,"33.758311,-84.400924"
1000323,"33.758311,-84.395924"
1000324,"33.758311,-84.390924"
1000325,"33.758311,-84.385924"
1000326,"33.758311,-84.380924"
1000327,"33.758311,-84.375924"
1000328,"33.758311,-84.370924"
1000329,"33.758311,-84.365924"
1000330,"33.758311,-84.360924"
1000331,"33.758311,-84.355924"
1000332,"33.758311,-84.350924"
1000333,"33.763311,-84.465924"
1000334,"33.763311,-84.460924"
1000335,"33.763311,-84.455924"
1000336,"33.763311,-84.450924"
1000337,"33.763311,-84.445924"
1000338,"33.763311,-84.440924"
1000339,"33.763311,-84.435924"
1000340,"33.763311,-84.430924"
1000341,"33.763311,-84.425924"
1000342,"33.763311,-84.420924"
1000343,"33.763311,-84.415924"
1000344,"33.763311,-84.410924"
1000345,"33.763311,-84.405924"
1000346,"33.763311,-84.400924"
1000347,"33.763311,-84.395924"
1000348,"33.763311,-84.390924"
1000349,"33.763311,-84.385924"
1000350,"33.763311,-84.370924"
1000351,"33.763311,-84.365924"
1000352,"33.763311,-84.360924"
1000353,"33.763311,-84.350924"
1000354,"33.768311,-84.465924"
1000355,"33.768311,-84.450924"
1000356,"33.768311,-84.445924"
1000357,"33.768311,-84.440924"
1000358,"33.768311,-84.435924"
1000359,"33.768311,-84.430924"
1000360,"33.768311,-84.425924"
1000361,"33.768311,-84.415924"
1000362,"33.768311,-84.410924"
1000363,"33.768311,-84.405924"
1000364,"33.768311,-84.400924"
1000365,"33.768311,-84.395924"
1000366,"33.768311,-84.390924"
1000367,"33.768311,-84.385924"
1000368,"33.768311,-84.380924"
1000369,"33.768311,-84.375924"
1000370,"33.768311,-84.370924"
1000371,"33.768311,-84.365924"
1000372,"33.768311,-84.360924"
1000373,"33.768311,-84.355924"
1000374,"33.768311,-84.350924"
1000375,"33.773311,-84.465924"
1000376,"33.773311,-84.460924"
1000377,"33.773311,-84.455924"
1000378,"33.773311,-84.450924"
1000379,"33.773311,-84.445924"
1000380,"33.773311,-84.440924"
1000381,"33.773311,-84.435924"
1000382,"33.773311,-84.425924"
1000383,"33.773311,-84.420924"
1000384,"33.773311,-84.415924"
1000385,"33.773311,-84.410924"
1000386,"33.773311,-84.405924"
1000387,"33.773311,-84.400924"
1000388,"33.773311,-84.395924"
1000389,"33.773311,-84.390924"
1000390,"33.773311,-84.385924"
1000391,"33.773311,-84.380924"
1000392,"33.773311,-84.375924"
1000393,"33.773311,-84.370924"
1000394,"33.773311,-84.365924"
1000395,"33.773311,-84.360924"
1000396,"33.773311,-84.350924"
1000397,"33.778311,-84.465924"
1000398,"33.778311,-84.445924"
1000399,"33.778311,-84.410924"
1000400,"33.778311,-84.405924"
1000401,"33.778311,-84.400924"
1000402,"33.778311,-84.395924"
1000403,"33.778311,-84.390924"
1000404,"33.778311,-84.385924"
1000405,"33.778311,-84.380924"
1000406,"33.778311,-84.375924"
1000407,"33.778311,-84.370924"
1000408,"33.778311,-84.365924"
1000409,"33.778311,-84.360924"
1000410,"33.778311,-84.355924"
1000411,"33.783311,-84.465924"
1000412,"33.783311,-84.455924"
1000413,"33.783311,-84.410924"
1000414,"33.783311,-84.405924"
1000415,"33.783311,-84.390924"
1000416,"33.783311,-84.385924"
1000417,"33.783311,-84.380924"
1000418,"33.783311,-84.375924"
1000419,"33.783311,-84.370924"
1000420,"33.783311,-84.365924"
1000421,"33.783311,-84.355924"
1000422,"33.783311,-84.350924"
1000423,"33.788311,-84.465924"
1000424,"33.788311,-84.460924"
1000425,"33.788311,-84.445924"
1000426,"33.788311,-84.435924"
1000427,"33.788311,-84.415924"
1000428,"33.788311,-84.405924"
1000429,"33.788311,-84.400924"
1000430,"33.788311,-84.395924"
1000431,"33.788311,-84.390924"
1000432,"33.788311,-84.385924"
1000433,"33.788311,-84.380924"
1000434,"33.788311,-84.375924"
1000435,"33.788311,-84.370924"
1000436,"33.788311,-84.365924"
1000437,"33.788311,-84.360924"
1000438,"33.788311,-84.355924"
1000439,"33.788311,-84.350924"
1000440,"33.793311,-84.450924"
1000441,"33.793311,-84.445924"
1000442,"33.793311,-84.430924"
1000443,"33.793311,-84.425924"
1000444,"33.793311,-84.420924"
1000445,"33.793311,-84.400924"
1000446,"33.793311,-84.395924"
1000447,"33.793311,-84.390924"
1000448,"33.793311,-84.385924"
1000449,"33.793311,-84.380924"
1000450,"33.793311,-84.370924"
1000451,"33.793311,-84.360924"
1000452,"33.793311,-84.355924"
1000453,"33.793311,-84.350924"
1000454,"33.798311,-84.465924"
1000455,"33.798311,-84.430924"
1000456,"33.798311,-84.415924"
1000457,"33.798311,-84.410924"
1000458,"33.798311,-84.400924"
1000459,"33.798311,-84.395924"
1000460,"33.798311,-84.390924"
1000461,"33.798311,-84.380924"
1000462,"33.798311,-84.375924"
1000463,"33.798311,-84.370924"
1000464,"33.798311,-84.365924"
1000465,"33.798311,-84.360924"
1000466,"33.798311,-84.350924"
1000467,"33.803311,-84.465924"
1000468,"33.803311,-84.445924"
1000469,"33.803311,-84.440924"
1000470,"33.803311,-84.435924"
1000471,"33.803311,-84.430924"
1000472,"33.803311,-84.420924"
1000473,"33.803311,-84.415924"
1000474,"33.803311,-84.410924"
1000475,"33.803311,-84.405924"
1000476,"33.803311,-84.400924"
1000477,"33.803311,-84.390924"
1000478,"33.803311,-84.385924"
1000479,"33.803311,-84.380924"
1000480,"33.803311,-84.370924"
1000481,"33.803311,-84.360924"
1000482,"33.803311,-84.355924"
1000483,"33.803311,-84.350924"
1000484,"33.808311,-84.450924"
1000485,"33.808311,-84.435924"
1000486,"33.808311,-84.430924"
1000487,"33.808311,-84.415924"
1000488,"33.808311,-84.410924"
1000489,"33.808311,-84.405924"
1000490,"33.808311,-84.400924"
1000491,"33.808311,-84.395924"
1000492,"33.808311,-84.390924"
1000493,"33.808311,-84.380924"
1000494,"33.808311,-84.375924"
1000495,"33.808311,-84.370924"
1000496,"33.808311,-84.365924"
1000497,"33.808311,-84.360924"
1000498,"33.808311,-84.350924"
1000499,"33.813311,-84.455924"
1000500,"33.813311,-84.450924"
1000501,"33.813311,-84.445924"
1000502,"33.813311,-84.430924"
1000503,"33.813311,-84.425924"
1000504,"33.813311,-84.420924"
1000505,"33.813311,-84.415924"
1000506,"33.813311,-84.410924"
1000507,"33.813311,-84.405924"
1000508,"33.813311,-84.400924"
1000509,"33.813311,-84.395924"
1000510,"33.813311,-84.390924"
1000511,"33.813311,-84.370924"
1000512,"33.813311,-84.360924"
1000513,"33.813311,-84.350924"
1000514,"33.818311,-84.455924"
1000515,"33.818311,-84.435924"
1000516,"33.818311,-84.430924"
1000517,"33.818311,-84.420924"
1000518,"33.818311,-84.415924"
1000519,"33.818311,-84.410924"
1000520,"33.818311,-84.400924"
1000521,"33.818311,-84.390924"
1000522,"33.818311,-84.380924"
1000523,"33.818311,-84.375924"
1000524,"33.818311,-84.370924"
1000525,"33.818311,-84.365924"
1000526,"33.818311,-84.360924"
1000527,"33.818311,-84.355924"
1000528,"33.818311,-84.350924"
1000529,"33.823311,-84.445924"
1000530,"33.823311,-84.430924"
1000531,"33.823311,-84.420924"
1000532,"33.823311,-84.415924"
1000533,"33.823311,-84.410924"
1000534,"33.823311,-84.400924"
1000535,"33.823311,-84.395924"
1000536,"33.823311,-84.390924"
1000537,"33.823311,-84.385924"
1000538,"33.823311,-84.380924"
1000539,"33.823311,-84.375924"
1000540,"33.823311,-84.370924"
1000541,"33.823311,-84.365924"
1000542,"33.823311,-84.355924"
1000543,"33.823311,-84.350924"
1000544,"33.828311,-84.445924"
1000545,"33.828311,-84.440924"
1000546,"33.828311,-84.430924"
1000547,"33.828311,-84.420924"
1000548,"33.828311,-84.415924"
1000549,"33.828311,-84.410924"
1000550,"33.828311,-84.405924"
1000551,"33.828311,-84.400924"
1000552,"33.828311,-84.395924"
1000553,"33.828311,-84.390924"
1000554,"33.828311,-84.385924"
1000555,"33.828311,-84.375924"
1000556,"33.828311,-84.370924"
1000557,"33.828311,-84.360924"
1000558,"33.828311,-84.350924"
1000559,"33.833311,-84.435924"
1000560,"33.833311,-84.430924"
1000561,"33.833311,-84.425924"
1000562,"33.833311,-84.415924"
1000563,"33.833311,-84.410924"
1000564,"33.833311,-84.390924"
1000565,"33.833311,-84.385924"
1000566,"33.833311,-84.380924"
1000567,"33.833311,-84.375924"
1000568,"33.833311,-84.370924"
1000569,"33.833311,-84.365924"
1000570,"33.838311,-84.440924"
1000571,"33.838311,-84.435924"
1000572,"33.838311,-84.425924"
1000573,"33.838311,-84.420924"
1000574,"33.838311,-84.410924"
1000575,"33.838311,-84.405924"
1000576,"33.838311,-84.400924"
1000577,"33.838311,-84.395924"
1000578,"33.838311,-84.390924"
1000579,"33.838311,-84.385924"
1000580,"33.838311,-84.380924"
1000581,"33.838311,-84.375924"
1000582,"33.838311,-84.370924"
1000583,"33.838311,-84.350924"
1000584,"33.843311,-84.455924"
1000585,"33.843311,-84.440924"
1000586,"33.843311,-84.435924"
1000587,"33.843311,-84.430924"
1000588,"33.843311,-84.425924"
1000589,"33.843311,-84.410924"
1000590,"33.843311,-84.405924"
1000591,"33.843311,-84.400924"
1000592,"33.843311,-84.395924"
1000593,"33.843311,-84.385924"
1000594,"33.843311,-84.380924"
1000595,"33.843311,-84.375924"
1000596,"33.843311,-84.370924"
1000597,"33.843311,-84.365924"
1000598,"33.843311,-84.360924"
1000599,"33.843311,-84.355924"
1000600,"33.843311,-84.350924"
1000601,"33.848311,-84.440924"
1000602,"33.848311,-84.430924"
1000603,"33.848311,-84.410924"
1000604,"33.848311,-84.395924"
1000605,"33.848311,-84.390924"
1000606,"33.848311,-84.385924"
1000607,"33.848311,-84.370924"
1000608,"33.848311,-84.365924"
1000609,"33.848311,-84.355924"
1000610,"33.848311,-84.350924"
1000611,"33.853311,-84.430924"
1000612,"33.853311,-84.415924"
1000613,"33.853311,-84.405924"
1000614,"33.853311,-84.395924"
1000615,"33.853311,-84.385924"
1000616,"33.853311,-84.380924"
1000617,"33.853311,-84.375924"
1000618,"33.853311,-84.370924"
1000619,"33.853311,-84.350924"
1000620,"33.858311,-84.435924"
1000621,"33.858311,-84.420924"
1000622,"33.858311,-84.400924"
1000623,"33.858311,-84.390924"
1000624,"33.858311,-84.385924"
1000625,"33.858311,-84.380924"
1000626,"33.858311,-84.375924"
1000627,"33.858311,-84.370924"
1000628,"33.858311,-84.360924"
1000629,"33.858311,-84.355924"
