2000000,"33.207042,-112.374886"
2000001,"33.207042,-111.889886"
2000002,"33.207042,-111.884886"
2000003,"33.207042,-111.879886"
2000004,"33.207042,-111.874886"
2000005,"33.207042,-111.869886"
2000006,"33.207042,-111.864886"
2000007,"33.207042,-111.859886"
2000008,"33.207042,-111.854886"
2000009,"33.207042,-111.824886"
2000010,"33.207042,-111.804886"
2000011,"33.207042,-111.799886"
2000012,"33.207042,-111.794886"
2000013,"33.207042,-111.789886"
2000014,"33.207042,-111.769886"
2000015,"33.207042,-111.764886"
2000016,"33.207042,-111.754886"
2000017,"33.207042,-111.744886"
2000018,"33.207042,-111.739886"
2000019,"33.207042,-111.734886"
2000020,"33.207042,-111.729886"
2000021,"33.207042,-111.709886"
2000022,"33.207042,-111.634886"
2000023,"33.212042,-112.374886"
2000024,"33.212042,-111.879886"
2000025,"33.212042,-111.874886"
2000026,"33.212042,-111.869886"
2000027,"33.212042,-111.864886"
2000028,"33.212042,-111.859886"
2000029,"33.212042,-111.824886"
2000030,"33.212042,-111.804886"
2000031,"33.212042,-111.794886"
2000032,"33.212042,-111.789886"
2000033,"33.212042,-111.769886"
2000034,"33.212042,-111.764886"
2000035,"33.212042,-111.759886"
2000036,"33.212042,-111.744886"
2000037,"33.212042,-111.739886"
2000038,"33.212042,-111.729886"
2000039,"33.212042,-111.724886"
2000040,"33.212042,-111.719886"
2000041,"33.212042,-111.714886"
2000042,"33.212042,-111.709886"
2000043,"33.212042,-111.704886"
2000044,"33.212042,-111.699886"
2000045,"33.212042,-111.694886"
2000046,"33.212042,-111.689886"
2000047,"33.212042,-111.684886"
2000048,"33.212042,-111.679886"
2000049,"33.212042,-111.674886"
2000050,"33.212042,-111.669886"
2000051,"33.212042,-111.664886"
2000052,"33.212042,-111.659886"
2000053,"33.212042,-111.654886"
2000054,"33.212042,-111.649886"
2000055,"33.212042,-111.644886"
2000056,"33.212042,-111.639886"
2000057,"33.212042,-111.634886"
2000058,"33.217042,-112.374886"
2000059,"33.217042,-111.889886"
2000060,"33.217042,-111.884886"
2000061,"33.217042,-111.879886"
2000062,"33.217042,-111.874886"
2000063,"33.217042,-111.864886"
2000064,"33.217042,-111.859886"
2000065,"33.217042,-111.839886"
2000066,"33.217042,-111.824886"
2000067,"33.217042,-111.804886"
2000068,"33.217042,-111.799886"
2000069,"33.217042,-111.794886"
2000070,"33.217042,-111.789886"
2000071,"33.217042,-111.769886"
2000072,"33.217042,-111.764886"
2000073,"33.217042,-111.734886"
2000074,"33.217042,-111.729886"
2000075,"33.217042,-111.634886"
2000076,"33.217042,-111.629886"
2000077,"33.217042,-111.624886"
2000078,"33.217042,-111.619886"
2000079,"33.222042,-112.074886"
2000080,"33.222042,-111.834886"
2000081,"33.222042,-111.819886"
2000082,"33.222042,-111.814886"
2000083,"33.222042,-111.809886"
2000084,"33.222042,-111.789886"
2000085,"33.222042,-111.784886"
2000086,"33.222042,-111.774886"
2000087,"33.222042,-111.754886"
2000088,"33.222042,-111.749886"
2000089,"33.222042,-111.734886"
2000090,"33.222042,-111.729886"
2000091,"33.222042,-111.724886"
2000092,"33.222042,-111.719886"
2000093,"33.222042,-111.714886"
2000094,"33.222042,-111.709886"
2000095,"33.222042,-111.704886"
2000096,"33.222042,-111.699886"
2000097,"33.222042,-111.674886"
2000098,"33.222042,-111.669886"
2000099,"33.222042,-111.664886"
2000100,"33.222042,-111.659886"
2000101,"33.222042,-111.634886"
2000102,"33.222042,-111.604886"
2000103,"33.227042,-111.824886"
2000104,"33.227042,-111.819886"
2000105,"33.227042,-111.814886"
2000106,"33.227042,-111.794886"
2000107,"33.227042,-111.789886"
2000108,"33.227042,-111.764886"
2000109,"33.227042,-111.759886"
2000110,"33.227042,-111.724886"
2000111,"33.227042,-111.719886"
2000112,"33.227042,-111.714886"
2000113,"33.227042,-111.704886"
2000114,"33.227042,-111.694886"
2000115,"33.227042,-111.684886"
2000116,"33.227042,-111.679886"
2000117,"33.227042,-111.674886"
2000118,"33.227042,-111.669886"
2000119,"33.227042,-111.664886"
2000120,"33.227042,-111.659886"
2000121,"33.227042,-111.654886"
2000122,"33.227042,-111.634886"
2000123,"33.227042,-111.629886"
2000124,"33.227042,-111.624886"
2000125,"33.227042,-111.619886"
2000126,"33.227042,-111.614886"
2000127,"33.227042,-111.609886"
2000128,"33.227042,-111.604886"
2000129,"33.227042,-111.599886"
2000130,"33.227042,-111.594886"
2000131,"33.232042,-112.439886"
2000132,"33.232042,-112.434886"
2000133,"33.232042,-111.854886"
2000134,"33.232042,-111.824886"
2000135,"33.232042,-111.819886"
2000136,"33.232042,-111.814886"
2000137,"33.232042,-111.794886"
2000138,"33.232042,-111.789886"
2000139,"33.232042,-111.764886"
2000140,"33.232042,-111.759886"
2000141,"33.232042,-111.754886"
2000142,"33.232042,-111.729886"
2000143,"33.232042,-111.724886"
2000144,"33.232042,-111.719886"
2000145,"33.232042,-111.709886"
2000146,"33.232042,-111.694886"
2000147,"33.232042,-111.664886"
2000148,"33.232042,-111.659886"
2000149,"33.232042,-111.634886"
2000150,"33.232042,-111.629886"
2000151,"33.232042,-111.624886"
2000152,"33.232042,-111.619886"
2000153,"33.232042,-111.609886"
2000154,"33.232042,-111.604886"
2000155,"33.232042,-111.599886"
2000156,"33.237042,-112.099886"
2000157,"33.237042,-111.874886"
2000158,"33.237042,-111.869886"
2000159,"33.237042,-111.854886"
2000160,"33.237042,-111.849886"
2000161,"33.237042,-111.844886"
2000162,"33.237042,-111.839886"
2000163,"33.237042,-111.834886"
2000164,"33.237042,-111.829886"
2000165,"33.237042,-111.824886"
2000166,"33.237042,-111.819886"
2000167,"33.237042,-111.814886"
2000168,"33.237042,-111.809886"
2000169,"33.237042,-111.789886"
2000170,"33.237042,-111.784886"
2000171,"33.237042,-111.779886"
2000172,"33.237042,-111.774886"
2000173,"33.237042,-111.754886"
2000174,"33.237042,-111.729886"
2000175,"33.237042,-111.724886"
2000176,"33.237042,-111.714886"
2000177,"33.237042,-111.709886"
2000178,"33.237042,-111.704886"
2000179,"33.237042,-111.694886"
2000180,"33.237042,-111.689886"
2000181,"33.237042,-111.664886"
2000182,"33.237042,-111.659886"
2000183,"33.237042,-111.654886"
2000184,"33.237042,-111.649886"
2000185,"33.237042,-111.644886"
2000186,"33.237042,-111.634886"
2000187,"33.237042,-111.629886"
2000188,"33.237042,-111.624886"
2000189,"33.237042,-111.614886"
2000190,"33.237042,-111.604886"
2000191,"33.237042,-111.599886"
2000192,"33.237042,-111.589886"
2000193,"33.242042,-111.864886"
2000194,"33.242042,-111.854886"
2000195,"33.242042,-111.849886"
2000196,"33.242042,-111.844886"
2000197,"33.242042,-111.834886"
2000198,"33.242042,-111.829886"
2000199,"33.242042,-111.814886"
2000200,"33.242042,-111.799886"
2000201,"33.242042,-111.789886"
2000202,"33.242042,-111.779886"
2000203,"33.242042,-111.774886"
2000204,"33.242042,-111.744886"
2000205,"33.242042,-111.734886"
2000206,"33.242042,-111.729886"
2000207,"33.242042,-111.724886"
2000208,"33.242042,-111.719886"
2000209,"33.242042,-111.714886"
2000210,"33.242042,-111.694886"
2000211,"33.242042,-111.689886"
2000212,"33.242042,-111.679886"
2000213,"33.242042,-111.664886"
2000214,"33.242042,-111.659886"
2000215,"33.242042,-111.654886"
2000216,"33.242042,-111.649886"
2000217,"33.242042,-111.644886"
2000218,"33.242042,-111.634886"
2000219,"33.242042,-111.629886"
2000220,"33.242042,-111.609886"
2000221,"33.242042,-111.604886"
2000222,"33.242042,-111.599886"
2000223,"33.242042,-111.594886"
2000224,"33.242042,-111.589886"
2000225,"33.242042,-111.584886"
2000226,"33.247042,-111.864886"
2000227,"33.247042,-111.859886"
2000228,"33.247042,-111.854886"
2000229,"33.247042,-111.849886"
2000230,"33.247042,-111.844886"
2000231,"33.247042,-111.839886"
2000232,"33.247042,-111.824886"
2000233,"33.247042,-111.819886"
2000234,"33.247042,-111.814886"
2000235,"33.247042,-111.809886"
2000236,"33.247042,-111.804886"
2000237,"33.247042,-111.794886"
2000238,"33.247042,-111.789886"
2000239,"33.247042,-111.784886"
2000240,"33.247042,-111.779886"
2000241,"33.247042,-111.774886"
2000242,"33.247042,-111.769886"
2000243,"33.247042,-111.744886"
2000244,"33.247042,-111.739886"
2000245,"33.247042,-111.734886"
2000246,"33.247042,-111.724886"
2000247,"33.247042,-111.714886"
2000248,"33.247042,-111.659886"
2000249,"33.247042,-111.649886"
2000250,"33.247042,-111.644886"
2000251,"33.247042,-111.639886"
2000252,"33.247042,-111.634886"
2000253,"33.247042,-111.629886"
2000254,"33.247042,-111.624886"
2000255,"33.247042,-111.619886"
2000256,"33.247042,-111.609886"
2000257,"33.247042,-111.599886"
2000258,"33.247042,-111.594886"
2000259,"33.252042,-111.859886"
2000260,"33.252042,-111.854886"
2000261,"33.252042,-111.849886"
2000262,"33.252042,-111.824886"
2000263,"33.252042,-111.819886"
2000264,"33.252042,-111.814886"
2000265,"33.252042,-111.809886"
2000266,"33.252042,-111.804886"
2000267,"33.252042,-111.799886"
2000268,"33.252042,-111.789886"
2000269,"33.252042,-111.779886"
2000270,"33.252042,-111.769886"
2000271,"33.252042,-111.764886"
2000272,"33.252042,-111.734886"
2000273,"33.252042,-111.729886"
2000274,"33.252042,-111.709886"
2000275,"33.252042,-111.704886"
2000276,"33.252042,-111.684886"
2000277,"33.252042,-111.679886"
2000278,"33.252042,-111.654886"
2000279,"33.252042,-111.649886"
2000280,"33.252042,-111.644886"
2000281,"33.252042,-111.639886"
2000282,"33.252042,-111.634886"
2000283,"33.252042,-111.629886"
2000284,"33.252042,-111.619886"
2000285,"33.252042,-111.614886"
2000286,"33.252042,-111.609886"
2000287,"33.252042,-111.604886"
2000288,"33.252042,-111.599886"
2000289,"33.257042,-112.134886"
2000290,"33.257042,-111.879886"
2000291,"33.257042,-111.874886"
2000292,"33.257042,-111.869886"
2000293,"33.257042,-111.854886"
2000294,"33.257042,-111.849886"
2000295,"33.257042,-111.844886"
2000296,"33.257042,-111.839886"
2000297,"33.257042,-111.814886"
2000298,"33.257042,-111.804886"
2000299,"33.257042,-111.799886"
2000300,"33.257042,-111.794886"
2000301,"33.257042,-111.789886"
2000302,"33.257042,-111.784886"
2000303,"33.257042,-111.779886"
2000304,"33.257042,-111.774886"
2000305,"33.257042,-111.769886"
2000306,"33.257042,-111.764886"
2000307,"33.257042,-111.759886"
2000308,"33.257042,-111.754886"
2000309,"33.257042,-111.724886"
2000310,"33.257042,-111.719886"
2000311,"33.257042,-111.714886"
2000312,"33.257042,-111.709886"
2000313,"33.257042,-111.704886"
2000314,"33.257042,-111.684886"
2000315,"33.257042,-111.679886"
2000316,"33.257042,-111.659886"
2000317,"33.257042,-111.654886"
2000318,"33.257042,-111.639886"
2000319,"33.257042,-111.634886"
2000320,"33.257042,-111.629886"
2000321,"33.257042,-111.624886"
2000322,"33.257042,-111.619886"
2000323,"33.257042,-111.614886"
2000324,"33.257042,-111.599886"
2000325,"33.262042,-111.999886"
2000326,"33.262042,-111.884886"
2000327,"33.262042,-111.879886"
2000328,"33.262042,-111.874886"
2000329,"33.262042,-111.869886"
2000330,"33.262042,-111.864886"
2000331,"33.262042,-111.859886"
2000332,"33.262042,-111.854886"
2000333,"33.262042,-111.849886"
2000334,"33.262042,-111.844886"
2000335,"33.262042,-111.839886"
2000336,"33.262042,-111.834886"
2000337,"33.262042,-111.829886"
2000338,"33.262042,-111.824886"
2000339,"33.262042,-111.819886"
2000340,"33.262042,-111.814886"
2000341,"33.262042,-111.809886"
2000342,"33.262042,-111.799886"
2000343,"33.262042,-111.794886"
2000344,"33.262042,-111.789886"
2000345,"33.262042,-111.784886"
2000346,"33.262042,-111.779886"
2000347,"33.262042,-111.774886"
2000348,"33.262042,-111.769886"
2000349,"33.262042,-111.764886"
2000350,"33.262042,-111.759886"
2000351,"33.262042,-111.754886"
2000352,"33.262042,-111.724886"
2000353,"33.262042,-111.719886"
2000354,"33.262042,-111.714886"
2000355,"33.262042,-111.709886"
2000356,"33.262042,-111.704886"
2000357,"33.262042,-111.679886"
2000358,"33.262042,-111.644886"
2000359,"33.262042,-111.634886"
2000360,"33.262042,-111.624886"
2000361,"33.262042,-111.619886"
2000362,"33.262042,-111.599886"
2000363,"33.267042,-111.889886"
2000364,"33.267042,-111.884886"
2000365,"33.267042,-111.879886"
2000366,"33.267042,-111.874886"
2000367,"33.267042,-111.869886"
2000368,"33.267042,-111.864886"
2000369,"33.267042,-111.859886"
2000370,"33.267042,-111.854886"
2000371,"33.267042,-111.849886"
2000372,"33.267042,-111.844886"
2000373,"33.267042,-111.789886"
2000374,"33.267042,-111.784886"
2000375,"33.267042,-111.769886"
2000376,"33.267042,-111.764886"
2000377,"33.267042,-111.759886"
2000378,"33.267042,-111.754886"
2000379,"33.267042,-111.734886"
2000380,"33.267042,-111.729886"
2000381,"33.267042,-111.719886"
2000382,"33.267042,-111.714886"
2000383,"33.267042,-111.709886"
2000384,"33.267042,-111.704886"
2000385,"33.267042,-111.699886"
2000386,"33.267042,-111.694886"
2000387,"33.267042,-111.689886"
2000388,"33.267042,-111.679886"
2000389,"33.267042,-111.664886"
2000390,"33.267042,-111.659886"
2000391,"33.267042,-111.654886"
2000392,"33.267042,-111.649886"
2000393,"33.267042,-111.644886"
2000394,"33.267042,-111.639886"
2000395,"33.267042,-111.634886"
2000396,"33.272042,-112.159886"
2000397,"33.272042,-111.884886"
2000398,"33.272042,-111.869886"
2000399,"33.272042,-111.864886"
2000400,"33.272042,-111.859886"
2000401,"33.272042,-111.854886"
2000402,"33.272042,-111.829886"
2000403,"33.272042,-111.789886"
2000404,"33.272042,-111.779886"
2000405,"33.272042,-111.774886"
2000406,"33.272042,-111.769886"
2000407,"33.272042,-111.764886"
2000408,"33.272042,-111.759886"
2000409,"33.272042,-111.754886"
2000410,"33.272042,-111.739886"
2000411,"33.272042,-111.724886"
2000412,"33.272042,-111.719886"
2000413,"33.272042,-111.714886"
2000414,"33.272042,-111.709886"
2000415,"33.272042,-111.704886"
2000416,"33.272042,-111.699886"
2000417,"33.272042,-111.694886"
2000418,"33.272042,-111.689886"
2000419,"33.272042,-111.684886"
2000420,"33.272042,-111.679886"
2000421,"33.272042,-111.674886"
2000422,"33.272042,-111.669886"
2000423,"33.272042,-111.664886"
2000424,"33.272042,-111.659886"
2000425,"33.272042,-111.654886"
2000426,"33.272042,-111.634886"
2000427,"33.277042,-112.169886"
2000428,"33.277042,-111.884886"
2000429,"33.277042,-111.874886"
2000430,"33.277042,-111.864886"
2000431,"33.277042,-111.859886"
2000432,"33.277042,-111.854886"
2000433,"33.277042,-111.849886"
2000434,"33.277042,-111.844886"
2000435,"33.277042,-111.839886"
2000436,"33.277042,-111.834886"
2000437,"33.277042,-111.829886"
2000438,"33.277042,-111.824886"
2000439,"33.277042,-111.819886"
2000440,"33.277042,-111.814886"
2000441,"33.277042,-111.809886"
2000442,"33.277042,-111.804886"
2000443,"33.277042,-111.799886"
2000444,"33.277042,-111.794886"
2000445,"33.277042,-111.789886"
2000446,"33.277042,-111.784886"
2000447,"33.277042,-111.779886"
2000448,"33.277042,-111.769886"
2000449,"33.277042,-111.759886"
2000450,"33.277042,-111.754886"
2000451,"33.277042,-111.729886"
2000452,"33.277042,-111.724886"
2000453,"33.277042,-111.719886"
2000454,"33.277042,-111.714886"
2000455,"33.277042,-111.709886"
2000456,"33.277042,-111.704886"
2000457,"33.277042,-111.699886"
2000458,"33.277042,-111.689886"
2000459,"33.277042,-111.684886"
2000460,"33.277042,-111.679886"
2000461,"33.277042,-111.674886"
2000462,"33.277042,-111.669886"
2000463,"33.277042,-111.659886"
2000464,"33.277042,-111.654886"
2000465,"33.277042,-111.634886"
2000466,"33.277042,-111.594886"
2000467,"33.277042,-111.589886"
2000468,"33.277042,-111.584886"
2000469,"33.282042,-111.884886"
2000470,"33.282042,-111.879886"
2000471,"33.282042,-111.874886"
2000472,"33.282042,-111.869886"
2000473,"33.282042,-111.864886"
2000474,"33.282042,-111.859886"
2000475,"33.282042,-111.854886"
2000476,"33.282042,-111.844886"
2000477,"33.282042,-111.839886"
2000478,"33.282042,-111.834886"
2000479,"33.282042,-111.824886"
2000480,"33.282042,-111.819886"
2000481,"33.282042,-111.809886"
2000482,"33.282042,-111.804886"
2000483,"33.282042,-111.799886"
2000484,"33.282042,-111.789886"
2000485,"33.282042,-111.759886"
2000486,"33.282042,-111.754886"
2000487,"33.282042,-111.744886"
2000488,"33.282042,-111.739886"
2000489,"33.282042,-111.724886"
2000490,"33.282042,-111.714886"
2000491,"33.282042,-111.709886"
2000492,"33.282042,-111.704886"
2000493,"33.282042,-111.699886"
2000494,"33.282042,-111.694886"
2000495,"33.282042,-111.689886"
2000496,"33.282042,-111.684886"
2000497,"33.282042,-111.679886"
2000498,"33.282042,-111.669886"
2000499,"33.282042,-111.644886"
2000500,"33.282042,-111.639886"
2000501,"33.282042,-111.634886"
2000502,"33.287042,-112.444886"
2000503,"33.287042,-111.889886"
2000504,"33.287042,-111.874886"
2000505,"33.287042,-111.869886"
2000506,"33.287042,-111.864886"
2000507,"33.287042,-111.859886"
2000508,"33.287042,-111.854886"
2000509,"33.287042,-111.849886"
2000510,"33.287042,-111.844886"
2000511,"33.287042,-111.839886"
2000512,"33.287042,-111.829886"
2000513,"33.287042,-111.809886"
2000514,"33.287042,-111.804886"
2000515,"33.287042,-111.799886"
2000516,"33.287042,-111.794886"
2000517,"33.287042,-111.789886"
2000518,"33.287042,-111.784886"
2000519,"33.287042,-111.754886"
2000520,"33.287042,-111.749886"
2000521,"33.287042,-111.744886"
2000522,"33.287042,-111.719886"
2000523,"33.287042,-111.709886"
2000524,"33.287042,-111.699886"
2000525,"33.287042,-111.694886"
2000526,"33.287042,-111.689886"
2000527,"33.287042,-111.674886"
2000528,"33.287042,-111.669886"
2000529,"33.287042,-111.634886"
2000530,"33.292042,-112.424886"
2000531,"33.292042,-112.179886"
2000532,"33.292042,-112.174886"
2000533,"33.292042,-112.169886"
2000534,"33.292042,-112.124886"
2000535,"33.292042,-112.119886"
2000536,"33.292042,-112.099886"
2000537,"33.292042,-112.094886"
2000538,"33.292042,-112.089886"
2000539,"33.292042,-112.084886"
2000540,"33.292042,-112.064886"
2000541,"33.292042,-112.054886"
2000542,"33.292042,-112.049886"
2000543,"33.292042,-112.044886"
2000544,"33.292042,-112.039886"
2000545,"33.292042,-112.024886"
2000546,"33.292042,-112.019886"
2000547,"33.292042,-112.014886"
2000548,"33.292042,-112.009886"
2000549,"33.292042,-112.004886"
2000550,"33.292042,-111.999886"
2000551,"33.292042,-111.994886"
2000552,"33.292042,-111.989886"
2000553,"33.292042,-111.979886"
2000554,"33.292042,-111.944886"
2000555,"33.292042,-111.939886"
2000556,"33.292042,-111.929886"
2000557,"33.292042,-111.924886"
2000558,"33.292042,-111.919886"
2000559,"33.292042,-111.914886"
2000560,"33.292042,-111.909886"
2000561,"33.292042,-111.904886"
2000562,"33.292042,-111.899886"
2000563,"33.292042,-111.894886"
2000564,"33.292042,-111.889886"
2000565,"33.292042,-111.884886"
2000566,"33.292042,-111.869886"
2000567,"33.292042,-111.864886"
2000568,"33.292042,-111.859886"
2000569,"33.292042,-111.854886"
2000570,"33.292042,-111.849886"
2000571,"33.292042,-111.844886"
2000572,"33.292042,-111.839886"
2000573,"33.292042,-111.834886"
2000574,"33.292042,-111.829886"
2000575,"33.292042,-111.824886"
2000576,"33.292042,-111.819886"
2000577,"33.292042,-111.814886"
2000578,"33.292042,-111.809886"
2000579,"33.292042,-111.804886"
2000580,"33.292042,-111.799886"
2000581,"33.292042,-111.794886"
2000582,"33.292042,-111.789886"
2000583,"33.292042,-111.784886"
2000584,"33.292042,-111.779886"
2000585,"33.292042,-111.774886"
2000586,"33.292042,-111.769886"
2000587,"33.292042,-111.764886"
2000588,"33.292042,-111.759886"
2000589,"33.292042,-111.754886"
2000590,"33.292042,-111.749886"
2000591,"33.292042,-111.744886"
2000592,"33.292042,-111.739886"
2000593,"33.292042,-111.734886"
2000594,"33.292042,-111.729886"
2000595,"33.292042,-111.724886"
2000596,"33.292042,-111.719886"
2000597,"33.292042,-111.714886"
2000598,"33.292042,-111.709886"
2000599,"33.292042,-111.704886"
2000600,"33.292042,-111.699886"
2000601,"33.292042,-111.669886"
2000602,"33.292042,-111.634886"
2000603,"33.292042,-111.629886"
2000604,"33.292042,-111.624886"
2000605,"33.292042,-111.619886"
2000606,"33.292042,-111.614886"
2000607,"33.292042,-111.609886"
2000608,"33.292042,-111.604886"
2000609,"33.292042,-111.599886"
2000610,"33.292042,-111.594886"
2000611,"33.292042,-111.589886"
2000612,"33.292042,-111.584886"
2000613,"33.297042,-112.184886"
2000614,"33.297042,-112.099886"
2000615,"33.297042,-112.094886"
2000616,"33.297042,-112.089886"
2000617,"33.297042,-112.084886"
2000618,"33.297042,-112.049886"
2000619,"33.297042,-112.019886"
2000620,"33.297042,-112.014886"
2000621,"33.297042,-112.009886"
2000622,"33.297042,-112.004886"
2000623,"33.297042,-111.999886"
2000624,"33.297042,-111.994886"
2000625,"33.297042,-111.989886"
2000626,"33.297042,-111.984886"
2000627,"33.297042,-111.979886"
2000628,"33.297042,-111.974886"
2000629,"33.297042,-111.939886"
2000630,"33.297042,-111.934886"
2000631,"33.297042,-111.924886"
2000632,"33.297042,-111.919886"
2000633,"33.297042,-111.909886"
2000634,"33.297042,-111.904886"
2000635,"33.297042,-111.899886"
2000636,"33.297042,-111.894886"
2000637,"33.297042,-111.889886"
2000638,"33.297042,-111.884886"
2000639,"33.297042,-111.874886"
2000640,"33.297042,-111.864886"
2000641,"33.297042,-111.859886"
2000642,"33.297042,-111.854886"
2000643,"33.297042,-111.844886"
2000644,"33.297042,-111.839886"
2000645,"33.297042,-111.829886"
2000646,"33.297042,-111.824886"
2000647,"33.297042,-111.819886"
2000648,"33.297042,-111.814886"
2000649,"33.297042,-111.809886"
2000650,"33.297042,-111.804886"
2000651,"33.297042,-111.799886"
2000652,"33.297042,-111.789886"
2000653,"33.297042,-111.784886"
2000654,"33.297042,-111.779886"
2000655,"33.297042,-111.774886"
2000656,"33.297042,-111.754886"
2000657,"33.297042,-111.744886"
2000658,"33.297042,-111.719886"
2000659,"33.297042,-111.709886"
2000660,"33.297042,-111.704886"
2000661,"33.297042,-111.694886"
2000662,"33.297042,-111.684886"
2000663,"33.297042,-111.679886"
2000664,"33.297042,-111.669886"
2000665,"33.297042,-111.634886"
2000666,"33.297042,-111.604886"
2000667,"33.302042,-112.439886"
2000668,"33.302042,-112.429886"
2000669,"33.302042,-112.104886"
2000670,"33.302042,-112.099886"
2000671,"33.302042,-112.094886"
2000672,"33.302042,-112.089886"
2000673,"33.302042,-112.084886"
2000674,"33.302042,-112.069886"
2000675,"33.302042,-112.059886"
2000676,"33.302042,-112.054886"
2000677,"33.302042,-112.019886"
2000678,"33.302042,-112.014886"
2000679,"33.302042,-112.009886"
2000680,"33.302042,-112.004886"
2000681,"33.302042,-111.994886"
2000682,"33.302042,-111.989886"
2000683,"33.302042,-111.984886"
2000684,"33.302042,-111.979886"
2000685,"33.302042,-111.944886"
2000686,"33.302042,-111.939886"
2000687,"33.302042,-111.934886"
2000688,"33.302042,-111.924886"
2000689,"33.302042,-111.919886"
2000690,"33.302042,-111.904886"
2000691,"33.302042,-111.894886"
2000692,"33.302042,-111.889886"
2000693,"33.302042,-111.884886"
2000694,"33.302042,-111.879886"
2000695,"33.302042,-111.874886"
2000696,"33.302042,-111.869886"
2000697,"33.302042,-111.864886"
2000698,"33.302042,-111.859886"
2000699,"33.302042,-111.844886"
2000700,"33.302042,-111.839886"
2000701,"33.302042,-111.829886"
2000702,"33.302042,-111.804886"
2000703,"33.302042,-111.799886"
2000704,"33.302042,-111.794886"
2000705,"33.302042,-111.789886"
2000706,"33.302042,-111.784886"
2000707,"33.302042,-111.769886"
2000708,"33.302042,-111.764886"
2000709,"33.302042,-111.739886"
2000710,"33.302042,-111.734886"
2000711,"33.302042,-111.729886"
2000712,"33.302042,-111.724886"
2000713,"33.302042,-111.719886"
2000714,"33.302042,-111.714886"
2000715,"33.302042,-111.709886"
2000716,"33.302042,-111.694886"
2000717,"33.302042,-111.664886"
2000718,"33.302042,-111.634886"
2000719,"33.302042,-111.604886"
2000720,"33.307042,-112.444886"
2000721,"33.307042,-112.439886"
2000722,"33.307042,-112.079886"
2000723,"33.307042,-112.054886"
2000724,"33.307042,-112.044886"
2000725,"33.307042,-112.039886"
2000726,"33.307042,-112.034886"
2000727,"33.307042,-112.029886"
2000728,"33.307042,-112.024886"
2000729,"33.307042,-112.019886"
2000730,"33.307042,-112.004886"
2000731,"33.307042,-111.999886"
2000732,"33.307042,-111.994886"
2000733,"33.307042,-111.989886"
2000734,"33.307042,-111.984886"
2000735,"33.307042,-111.979886"
2000736,"33.307042,-111.969886"
2000737,"33.307042,-111.964886"
2000738,"33.307042,-111.954886"
2000739,"33.307042,-111.949886"
2000740,"33.307042,-111.944886"
2000741,"33.307042,-111.939886"
2000742,"33.307042,-111.924886"
2000743,"33.307042,-111.919886"
2000744,"33.307042,-111.914886"
2000745,"33.307042,-111.904886"
2000746,"33.307042,-111.899886"
2000747,"33.307042,-111.894886"
2000748,"33.307042,-111.889886"
2000749,"33.307042,-111.884886"
2000750,"33.307042,-111.879886"
2000751,"33.307042,-111.874886"
2000752,"33.307042,-111.869886"
2000753,"33.307042,-111.864886"
2000754,"33.307042,-111.859886"
2000755,"33.307042,-111.854886"
2000756,"33.307042,-111.849886"
2000757,"33.307042,-111.839886"
2000758,"33.307042,-111.834886"
2000759,"33.307042,-111.829886"
2000760,"33.307042,-111.824886"
2000761,"33.307042,-111.819886"
2000762,"33.307042,-111.814886"
2000763,"33.307042,-111.799886"
2000764,"33.307042,-111.794886"
2000765,"33.307042,-111.789886"
2000766,"33.307042,-111.784886"
2000767,"33.307042,-111.779886"
2000768,"33.307042,-111.774886"
2000769,"33.307042,-111.769886"
2000770,"33.307042,-111.764886"
2000771,"33.307042,-111.759886"
2000772,"33.307042,-111.754886"
2000773,"33.307042,-111.749886"
2000774,"33.307042,-111.744886"
2000775,"33.307042,-111.739886"
2000776,"33.307042,-111.734886"
2000777,"33.307042,-111.729886"
2000778,"33.307042,-111.724886"
2000779,"33.307042,-111.719886"
2000780,"33.307042,-111.714886"
2000781,"33.307042,-111.709886"
2000782,"33.307042,-111.704886"
2000783,"33.307042,-111.699886"
2000784,"33.307042,-111.694886"
2000785,"33.307042,-111.689886"
2000786,"33.307042,-111.684886"
2000787,"33.307042,-111.679886"
2000788,"33.307042,-111.674886"
2000789,"33.307042,-111.669886"
2000790,"33.307042,-111.634886"
2000791,"33.312042,-112.434886"
2000792,"33.312042,-112.194886"
2000793,"33.312042,-112.154886"
2000794,"33.312042,-112.074886"
2000795,"33.312042,-112.064886"
2000796,"33.312042,-112.054886"
2000797,"33.312042,-112.039886"
2000798,"33.312042,-112.029886"
2000799,"33.312042,-112.024886"
2000800,"33.312042,-112.019886"
2000801,"33.312042,-112.014886"
2000802,"33.312042,-112.009886"
2000803,"33.312042,-112.004886"
2000804,"33.312042,-111.994886"
2000805,"33.312042,-111.989886"
2000806,"33.312042,-111.984886"
2000807,"33.312042,-111.979886"
2000808,"33.312042,-111.959886"
2000809,"33.312042,-111.939886"
2000810,"33.312042,-111.924886"
2000811,"33.312042,-111.919886"
2000812,"33.312042,-111.909886"
2000813,"33.312042,-111.904886"
2000814,"33.312042,-111.894886"
2000815,"33.312042,-111.879886"
2000816,"33.312042,-111.874886"
2000817,"33.312042,-111.869886"
2000818,"33.312042,-111.864886"
2000819,"33.312042,-111.859886"
2000820,"33.312042,-111.854886"
2000821,"33.312042,-111.849886"
2000822,"33.312042,-111.839886"
2000823,"33.312042,-111.834886"
2000824,"33.312042,-111.829886"
2000825,"33.312042,-111.814886"
2000826,"33.312042,-111.809886"
2000827,"33.312042,-111.804886"
2000828,"33.312042,-111.799886"
2000829,"33.312042,-111.794886"
2000830,"33.312042,-111.789886"
2000831,"33.312042,-111.769886"
2000832,"33.312042,-111.764886"
2000833,"33.312042,-111.759886"
2000834,"33.312042,-111.754886"
2000835,"33.312042,-111.749886"
2000836,"33.312042,-111.744886"
2000837,"33.312042,-111.739886"
2000838,"33.312042,-111.734886"
2000839,"33.312042,-111.729886"
2000840,"33.312042,-111.724886"
2000841,"33.312042,-111.719886"
2000842,"33.312042,-111.714886"
2000843,"33.312042,-111.709886"
2000844,"33.312042,-111.704886"
2000845,"33.312042,-111.699886"
2000846,"33.312042,-111.694886"
2000847,"33.312042,-111.689886"
2000848,"33.312042,-111.679886"
2000849,"33.312042,-111.634886"
2000850,"33.312042,-111.609886"
2000851,"33.312042,-111.604886"
2000852,"33.317042,-112.469886"
2000853,"33.317042,-112.439886"
2000854,"33.317042,-112.434886"
2000855,"33.317042,-112.194886"
2000856,"33.317042,-112.159886"
2000857,"33.317042,-112.064886"
2000858,"33.317042,-112.059886"
2000859,"33.317042,-112.054886"
2000860,"33.317042,-112.014886"
2000861,"33.317042,-112.009886"
2000862,"33.317042,-112.004886"
2000863,"33.317042,-111.999886"
2000864,"33.317042,-111.994886"
2000865,"33.317042,-111.989886"
2000866,"33.317042,-111.984886"
2000867,"33.317042,-111.979886"
2000868,"33.317042,-111.974886"
2000869,"33.317042,-111.969886"
2000870,"33.317042,-111.959886"
2000871,"33.317042,-111.954886"
2000872,"33.317042,-111.949886"
2000873,"33.317042,-111.944886"
2000874,"33.317042,-111.934886"
2000875,"33.317042,-111.924886"
2000876,"33.317042,-111.919886"
2000877,"33.317042,-111.914886"
2000878,"33.317042,-111.909886"
2000879,"33.317042,-111.904886"
2000880,"33.317042,-111.899886"
2000881,"33.317042,-111.894886"
2000882,"33.317042,-111.889886"
2000883,"33.317042,-111.884886"
2000884,"33.317042,-111.879886"
2000885,"33.317042,-111.869886"
2000886,"33.317042,-111.864886"
2000887,"33.317042,-111.859886"
2000888,"33.317042,-111.854886"
2000889,"33.317042,-111.849886"
2000890,"33.317042,-111.844886"
2000891,"33.317042,-111.839886"
2000892,"33.317042,-111.834886"
2000893,"33.317042,-111.829886"
2000894,"33.317042,-111.819886"
2000895,"33.317042,-111.814886"
2000896,"33.317042,-111.809886"
2000897,"33.317042,-111.804886"
2000898,"33.317042,-111.794886"
2000899,"33.317042,-111.789886"
2000900,"33.317042,-111.784886"
2000901,"33.317042,-111.764886"
2000902,"33.317042,-111.759886"
2000903,"33.317042,-111.749886"
2000904,"33.317042,-111.744886"
2000905,"33.317042,-111.739886"
2000906,"33.317042,-111.734886"
2000907,"33.317042,-111.729886"
2000908,"33.317042,-111.724886"
2000909,"33.317042,-111.719886"
2000910,"33.317042,-111.714886"
2000911,"33.317042,-111.709886"
2000912,"33.317042,-111.704886"
2000913,"33.317042,-111.699886"
2000914,"33.317042,-111.694886"
2000915,"33.317042,-111.634886"
2000916,"33.317042,-111.614886"
2000917,"33.317042,-111.599886"
2000918,"33.317042,-111.594886"
2000919,"33.322042,-112.469886"
2000920,"33.322042,-112.429886"
2000921,"33.322042,-112.014886"
2000922,"33.322042,-112.004886"
2000923,"33.322042,-111.984886"
2000924,"33.322042,-111.979886"
2000925,"33.322042,-111.974886"
2000926,"33.322042,-111.959886"
2000927,"33.322042,-111.944886"
2000928,"33.322042,-111.939886"
2000929,"33.322042,-111.934886"
2000930,"33.322042,-111.929886"
2000931,"33.322042,-111.924886"
2000932,"33.322042,-111.919886"
2000933,"33.322042,-111.914886"
2000934,"33.322042,-111.909886"
2000935,"33.322042,-111.904886"
2000936,"33.322042,-111.899886"
2000937,"33.322042,-111.894886"
2000938,"33.322042,-111.889886"
2000939,"33.322042,-111.884886"
2000940,"33.322042,-111.874886"
2000941,"33.322042,-111.869886"
2000942,"33.322042,-111.864886"
2000943,"33.322042,-111.859886"
2000944,"33.322042,-111.849886"
2000945,"33.322042,-111.844886"
2000946,"33.322042,-111.839886"
2000947,"33.322042,-111.829886"
2000948,"33.322042,-111.824886"
2000949,"33.322042,-111.819886"
2000950,"33.322042,-111.814886"
2000951,"33.322042,-111.809886"
2000952,"33.322042,-111.804886"
2000953,"33.322042,-111.799886"
2000954,"33.322042,-111.794886"
2000955,"33.322042,-111.789886"
2000956,"33.322042,-111.784886"
2000957,"33.322042,-111.769886"
2000958,"33.322042,-111.764886"
2000959,"33.322042,-111.759886"
2000960,"33.322042,-111.749886"
2000961,"33.322042,-111.734886"
2000962,"33.322042,-111.729886"
2000963,"33.322042,-111.724886"
2000964,"33.322042,-111.719886"
2000965,"33.322042,-111.714886"
2000966,"33.322042,-111.709886"
2000967,"33.322042,-111.704886"
2000968,"33.322042,-111.699886"
2000969,"33.322042,-111.694886"
2000970,"33.322042,-111.689886"
2000971,"33.322042,-111.684886"
2000972,"33.322042,-111.679886"
2000973,"33.322042,-111.634886"
2000974,"33.322042,-111.629886"
2000975,"33.322042,-111.614886"
2000976,"33.322042,-111.609886"
2000977,"33.322042,-111.604886"
2000978,"33.322042,-111.599886"
2000979,"33.322042,-111.594886"
2000980,"33.322042,-111.589886"
2000981,"33.327042,-112.469886"
2000982,"33.327042,-112.464886"
2000983,"33.327042,-112.459886"
2000984,"33.327042,-112.454886"
2000985,"33.327042,-112.444886"
2000986,"33.327042,-112.434886"
2000987,"33.327042,-112.424886"
2000988,"33.327042,-112.169886"
2000989,"33.327042,-112.004886"
2000990,"33.327042,-111.999886"
2000991,"33.327042,-111.994886"
2000992,"33.327042,-111.989886"
2000993,"33.327042,-111.979886"
2000994,"33.327042,-111.969886"
2000995,"33.327042,-111.959886"
2000996,"33.327042,-111.954886"
2000997,"33.327042,-111.949886"
2000998,"33.327042,-111.944886"
2000999,"33.327042,-111.939886"
2001000,"33.327042,-111.934886"
2001001,"33.327042,-111.929886"
2001002,"33.327042,-111.924886"
2001003,"33.327042,-111.919886"
2001004,"33.327042,-111.914886"
2001005,"33.327042,-111.904886"
2001006,"33.327042,-111.899886"
2001007,"33.327042,-111.894886"
2001008,"33.327042,-111.889886"
2001009,"33.327042,-111.884886"
2001010,"33.327042,-111.879886"
2001011,"33.327042,-111.869886"
2001012,"33.327042,-111.849886"
2001013,"33.327042,-111.844886"
2001014,"33.327042,-111.834886"
2001015,"33.327042,-111.829886"
2001016,"33.327042,-111.819886"
2001017,"33.327042,-111.814886"
2001018,"33.327042,-111.809886"
2001019,"33.327042,-111.804886"
2001020,"33.327042,-111.799886"
2001021,"33.327042,-111.794886"
2001022,"33.327042,-111.789886"
2001023,"33.327042,-111.784886"
2001024,"33.327042,-111.779886"
2001025,"33.327042,-111.774886"
2001026,"33.327042,-111.769886"
2001027,"33.327042,-111.764886"
2001028,"33.327042,-111.759886"
2001029,"33.327042,-111.739886"
2001030,"33.327042,-111.734886"
2001031,"33.327042,-111.729886"
2001032,"33.327042,-111.724886"
2001033,"33.327042,-111.719886"
2001034,"33.327042,-111.714886"
2001035,"33.327042,-111.709886"
2001036,"33.327042,-111.704886"
2001037,"33.327042,-111.699886"
2001038,"33.327042,-111.689886"
2001039,"33.327042,-111.674886"
2001040,"33.327042,-111.669886"
2001041,"33.327042,-111.664886"
2001042,"33.327042,-111.614886"
2001043,"33.327042,-111.609886"
2001044,"33.327042,-111.604886"
2001045,"33.327042,-111.599886"
2001046,"33.327042,-111.594886"
2001047,"33.327042,-111.589886"
2001048,"33.332042,-112.469886"
2001049,"33.332042,-112.454886"
2001050,"33.332042,-112.424886"
2001051,"33.332042,-112.174886"
2001052,"33.332042,-112.009886"
2001053,"33.332042,-111.999886"
2001054,"33.332042,-111.994886"
2001055,"33.332042,-111.989886"
2001056,"33.332042,-111.984886"
2001057,"33.332042,-111.979886"
2001058,"33.332042,-111.974886"
2001059,"33.332042,-111.969886"
2001060,"33.332042,-111.959886"
2001061,"33.332042,-111.949886"
2001062,"33.332042,-111.944886"
2001063,"33.332042,-111.939886"
2001064,"33.332042,-111.934886"
2001065,"33.332042,-111.924886"
2001066,"33.332042,-111.914886"
2001067,"33.332042,-111.904886"
2001068,"33.332042,-111.894886"
2001069,"33.332042,-111.889886"
2001070,"33.332042,-111.884886"
2001071,"33.332042,-111.879886"
2001072,"33.332042,-111.869886"
2001073,"33.332042,-111.864886"
2001074,"33.332042,-111.859886"
2001075,"33.332042,-111.854886"
2001076,"33.332042,-111.849886"
2001077,"33.332042,-111.829886"
2001078,"33.332042,-111.814886"
2001079,"33.332042,-111.809886"
2001080,"33.332042,-111.804886"
2001081,"33.332042,-111.799886"
2001082,"33.332042,-111.794886"
2001083,"33.332042,-111.789886"
2001084,"33.332042,-111.784886"
2001085,"33.332042,-111.779886"
2001086,"33.332042,-111.774886"
2001087,"33.332042,-111.769886"
2001088,"33.332042,-111.754886"
2001089,"33.332042,-111.739886"
2001090,"33.332042,-111.734886"
2001091,"33.332042,-111.729886"
2001092,"33.332042,-111.709886"
2001093,"33.332042,-111.704886"
2001094,"33.332042,-111.699886"
2001095,"33.332042,-111.689886"
2001096,"33.332042,-111.654886"
2001097,"33.332042,-111.649886"
2001098,"33.332042,-111.614886"
2001099,"33.332042,-111.609886"
2001100,"33.332042,-111.604886"
2001101,"33.332042,-111.599886"
2001102,"33.332042,-111.594886"
2001103,"33.332042,-111.589886"
2001104,"33.332042,-111.584886"
2001105,"33.337042,-112.469886"
2001106,"33.337042,-112.424886"
2001107,"33.337042,-112.179886"
2001108,"33.337042,-112.159886"
2001109,"33.337042,-112.009886"
2001110,"33.337042,-112.004886"
2001111,"33.337042,-111.994886"
2001112,"33.337042,-111.984886"
2001113,"33.337042,-111.979886"
2001114,"33.337042,-111.974886"
2001115,"33.337042,-111.969886"
2001116,"33.337042,-111.964886"
2001117,"33.337042,-111.954886"
2001118,"33.337042,-111.944886"
2001119,"33.337042,-111.939886"
2001120,"33.337042,-111.924886"
2001121,"33.337042,-111.914886"
2001122,"33.337042,-111.909886"
2001123,"33.337042,-111.904886"
2001124,"33.337042,-111.899886"
2001125,"33.337042,-111.894886"
2001126,"33.337042,-111.889886"
2001127,"33.337042,-111.879886"
2001128,"33.337042,-111.874886"
2001129,"33.337042,-111.869886"
2001130,"33.337042,-111.864886"
2001131,"33.337042,-111.859886"
2001132,"33.337042,-111.854886"
2001133,"33.337042,-111.849886"
2001134,"33.337042,-111.839886"
2001135,"33.337042,-111.834886"
2001136,"33.337042,-111.829886"
2001137,"33.337042,-111.824886"
2001138,"33.337042,-111.814886"
2001139,"33.337042,-111.809886"
2001140,"33.337042,-111.799886"
2001141,"33.337042,-111.794886"
2001142,"33.337042,-111.789886"
2001143,"33.337042,-111.779886"
2001144,"33.337042,-111.754886"
2001145,"33.337042,-111.749886"
2001146,"33.337042,-111.744886"
2001147,"33.337042,-111.739886"
2001148,"33.337042,-111.729886"
2001149,"33.337042,-111.724886"
2001150,"33.337042,-111.684886"
2001151,"33.337042,-111.669886"
2001152,"33.337042,-111.644886"
2001153,"33.337042,-111.599886"
2001154,"33.337042,-111.594886"
2001155,"33.337042,-111.589886"
2001156,"33.337042,-111.584886"
2001157,"33.342042,-112.469886"
2001158,"33.342042,-112.449886"
2001159,"33.342042,-112.434886"
2001160,"33.342042,-112.424886"
2001161,"33.342042,-112.184886"
2001162,"33.342042,-112.144886"
2001163,"33.342042,-112.134886"
2001164,"33.342042,-112.129886"
2001165,"33.342042,-111.994886"
2001166,"33.342042,-111.989886"
2001167,"33.342042,-111.984886"
2001168,"33.342042,-111.979886"
2001169,"33.342042,-111.974886"
2001170,"33.342042,-111.969886"
2001171,"33.342042,-111.964886"
2001172,"33.342042,-111.954886"
2001173,"33.342042,-111.949886"
2001174,"33.342042,-111.939886"
2001175,"33.342042,-111.934886"
2001176,"33.342042,-111.929886"
2001177,"33.342042,-111.924886"
2001178,"33.342042,-111.919886"
2001179,"33.342042,-111.909886"
2001180,"33.342042,-111.904886"
2001181,"33.342042,-111.894886"
2001182,"33.342042,-111.889886"
2001183,"33.342042,-111.884886"
2001184,"33.342042,-111.879886"
2001185,"33.342042,-111.874886"
2001186,"33.342042,-111.869886"
2001187,"33.342042,-111.864886"
2001188,"33.342042,-111.859886"
2001189,"33.342042,-111.854886"
2001190,"33.342042,-111.844886"
2001191,"33.342042,-111.839886"
2001192,"33.342042,-111.834886"
2001193,"33.342042,-111.824886"
2001194,"33.342042,-111.814886"
2001195,"33.342042,-111.809886"
2001196,"33.342042,-111.804886"
2001197,"33.342042,-111.799886"
2001198,"33.342042,-111.794886"
2001199,"33.342042,-111.789886"
2001200,"33.342042,-111.784886"
2001201,"33.342042,-111.774886"
2001202,"33.342042,-111.769886"
2001203,"33.342042,-111.759886"
2001204,"33.342042,-111.754886"
2001205,"33.342042,-111.749886"
2001206,"33.342042,-111.744886"
2001207,"33.342042,-111.739886"
2001208,"33.342042,-111.734886"
2001209,"33.342042,-111.729886"
2001210,"33.342042,-111.724886"
2001211,"33.342042,-111.669886"
2001212,"33.342042,-111.599886"
2001213,"33.342042,-111.594886"
2001214,"33.342042,-111.589886"
2001215,"33.342042,-111.584886"
2001216,"33.347042,-112.469886"
2001217,"33.347042,-112.439886"
2001218,"33.347042,-112.434886"
2001219,"33.347042,-112.429886"
2001220,"33.347042,-112.189886"
2001221,"33.347042,-112.134886"
2001222,"33.347042,-111.994886"
2001223,"33.347042,-111.989886"
2001224,"33.347042,-111.984886"
2001225,"33.347042,-111.979886"
2001226,"33.347042,-111.974886"
2001227,"33.347042,-111.964886"
2001228,"33.347042,-111.959886"
2001229,"33.347042,-111.954886"
2001230,"33.347042,-111.924886"
2001231,"33.347042,-111.919886"
2001232,"33.347042,-111.914886"
2001233,"33.347042,-111.909886"
2001234,"33.347042,-111.904886"
2001235,"33.347042,-111.889886"
2001236,"33.347042,-111.884886"
2001237,"33.347042,-111.874886"
2001238,"33.347042,-111.869886"
2001239,"33.347042,-111.864886"
2001240,"33.347042,-111.859886"
2001241,"33.347042,-111.854886"
2001242,"33.347042,-111.849886"
2001243,"33.347042,-111.844886"
2001244,"33.347042,-111.839886"
2001245,"33.347042,-111.834886"
2001246,"33.347042,-111.824886"
2001247,"33.347042,-111.814886"
2001248,"33.347042,-111.809886"
2001249,"33.347042,-111.804886"
2001250,"33.347042,-111.794886"
2001251,"33.347042,-111.789886"
2001252,"33.347042,-111.784886"
2001253,"33.347042,-111.779886"
2001254,"33.347042,-111.769886"
2001255,"33.347042,-111.759886"
2001256,"33.347042,-111.749886"
2001257,"33.347042,-111.739886"
2001258,"33.347042,-111.729886"
2001259,"33.347042,-111.724886"
2001260,"33.347042,-111.719886"
2001261,"33.347042,-111.714886"
2001262,"33.347042,-111.709886"
2001263,"33.347042,-111.704886"
2001264,"33.347042,-111.699886"
2001265,"33.347042,-111.644886"
2001266,"33.347042,-111.599886"
2001267,"33.347042,-111.594886"
2001268,"33.347042,-111.589886"
2001269,"33.347042,-111.584886"
2001270,"33.352042,-112.449886"
2001271,"33.352042,-112.439886"
2001272,"33.352042,-112.424886"
2001273,"33.352042,-112.159886"
2001274,"33.352042,-112.134886"
2001275,"33.352042,-112.114886"
2001276,"33.352042,-112.109886"
2001277,"33.352042,-111.994886"
2001278,"33.352042,-111.989886"
2001279,"33.352042,-111.984886"
2001280,"33.352042,-111.979886"
2001281,"33.352042,-111.974886"
2001282,"33.352042,-111.964886"
2001283,"33.352042,-111.954886"
2001284,"33.352042,-111.949886"
2001285,"33.352042,-111.944886"
2001286,"33.352042,-111.934886"
2001287,"33.352042,-111.929886"
2001288,"33.352042,-111.924886"
2001289,"33.352042,-111.919886"
2001290,"33.352042,-111.914886"
2001291,"33.352042,-111.909886"
2001292,"33.352042,-111.904886"
2001293,"33.352042,-111.899886"
2001294,"33.352042,-111.894886"
2001295,"33.352042,-111.889886"
2001296,"33.352042,-111.884886"
2001297,"33.352042,-111.879886"
2001298,"33.352042,-111.874886"
2001299,"33.352042,-111.869886"
2001300,"33.352042,-111.864886"
2001301,"33.352042,-111.859886"
2001302,"33.352042,-111.854886"
2001303,"33.352042,-111.849886"
2001304,"33.352042,-111.844886"
2001305,"33.352042,-111.839886"
2001306,"33.352042,-111.834886"
2001307,"33.352042,-111.824886"
2001308,"33.352042,-111.819886"
2001309,"33.352042,-111.814886"
2001310,"33.352042,-111.789886"
2001311,"33.352042,-111.784886"
2001312,"33.352042,-111.769886"
2001313,"33.352042,-111.764886"
2001314,"33.352042,-111.759886"
2001315,"33.352042,-111.754886"
2001316,"33.352042,-111.749886"
2001317,"33.352042,-111.744886"
2001318,"33.352042,-111.729886"
2001319,"33.352042,-111.724886"
2001320,"33.352042,-111.704886"
2001321,"33.352042,-111.699886"
2001322,"33.352042,-111.644886"
2001323,"33.352042,-111.589886"
2001324,"33.352042,-111.584886"
2001325,"33.357042,-112.444886"
2001326,"33.357042,-112.429886"
2001327,"33.357042,-112.424886"
2001328,"33.357042,-112.139886"
2001329,"33.357042,-112.134886"
2001330,"33.357042,-112.124886"
2001331,"33.357042,-112.104886"
2001332,"33.357042,-112.099886"
2001333,"33.357042,-112.069886"
2001334,"33.357042,-111.984886"
2001335,"33.357042,-111.979886"
2001336,"33.357042,-111.974886"
2001337,"33.357042,-111.969886"
2001338,"33.357042,-111.964886"
2001339,"33.357042,-111.954886"
2001340,"33.357042,-111.949886"
2001341,"33.357042,-111.944886"
2001342,"33.357042,-111.934886"
2001343,"33.357042,-111.929886"
2001344,"33.357042,-111.919886"
2001345,"33.357042,-111.914886"
2001346,"33.357042,-111.909886"
2001347,"33.357042,-111.904886"
2001348,"33.357042,-111.894886"
2001349,"33.357042,-111.889886"
2001350,"33.357042,-111.874886"
2001351,"33.357042,-111.869886"
2001352,"33.357042,-111.864886"
2001353,"33.357042,-111.859886"
2001354,"33.357042,-111.854886"
2001355,"33.357042,-111.849886"
2001356,"33.357042,-111.844886"
2001357,"33.357042,-111.824886"
2001358,"33.357042,-111.789886"
2001359,"33.357042,-111.784886"
2001360,"33.357042,-111.779886"
2001361,"33.357042,-111.764886"
2001362,"33.357042,-111.759886"
2001363,"33.357042,-111.754886"
2001364,"33.357042,-111.724886"
2001365,"33.357042,-111.709886"
2001366,"33.357042,-111.704886"
2001367,"33.357042,-111.699886"
2001368,"33.357042,-111.589886"
2001369,"33.357042,-111.584886"
2001370,"33.362042,-112.449886"
2001371,"33.362042,-112.444886"
2001372,"33.362042,-112.439886"
2001373,"33.362042,-112.409886"
2001374,"33.362042,-112.404886"
2001375,"33.362042,-112.219886"
2001376,"33.362042,-112.134886"
2001377,"33.362042,-112.084886"
2001378,"33.362042,-112.079886"
2001379,"33.362042,-112.074886"
2001380,"33.362042,-112.069886"
2001381,"33.362042,-111.979886"
2001382,"33.362042,-111.974886"
2001383,"33.362042,-111.954886"
2001384,"33.362042,-111.949886"
2001385,"33.362042,-111.944886"
2001386,"33.362042,-111.939886"
2001387,"33.362042,-111.934886"
2001388,"33.362042,-111.924886"
2001389,"33.362042,-111.919886"
2001390,"33.362042,-111.914886"
2001391,"33.362042,-111.909886"
2001392,"33.362042,-111.904886"
2001393,"33.362042,-111.899886"
2001394,"33.362042,-111.894886"
2001395,"33.362042,-111.889886"
2001396,"33.362042,-111.884886"
2001397,"33.362042,-111.879886"
2001398,"33.362042,-111.874886"
2001399,"33.362042,-111.869886"
2001400,"33.362042,-111.859886"
2001401,"33.362042,-111.854886"
2001402,"33.362042,-111.849886"
2001403,"33.362042,-111.829886"
2001404,"33.362042,-111.824886"
2001405,"33.362042,-111.819886"
2001406,"33.362042,-111.814886"
2001407,"33.362042,-111.809886"
2001408,"33.362042,-111.799886"
2001409,"33.362042,-111.789886"
2001410,"33.362042,-111.774886"
2001411,"33.362042,-111.764886"
2001412,"33.362042,-111.759886"
2001413,"33.362042,-111.754886"
2001414,"33.362042,-111.709886"
2001415,"33.362042,-111.704886"
2001416,"33.362042,-111.694886"
2001417,"33.362042,-111.679886"
2001418,"33.362042,-111.674886"
2001419,"33.362042,-111.669886"
2001420,"33.362042,-111.664886"
2001421,"33.362042,-111.659886"
2001422,"33.362042,-111.654886"
2001423,"33.362042,-111.649886"
2001424,"33.362042,-111.644886"
2001425,"33.362042,-111.639886"
2001426,"33.362042,-111.634886"
2001427,"33.362042,-111.629886"
2001428,"33.362042,-111.624886"
2001429,"33.362042,-111.619886"
2001430,"33.362042,-111.614886"
2001431,"33.362042,-111.609886"
2001432,"33.362042,-111.604886"
2001433,"33.362042,-111.599886"
2001434,"33.362042,-111.594886"
2001435,"33.362042,-111.589886"
2001436,"33.362042,-111.584886"
2001437,"33.367042,-112.404886"
2001438,"33.367042,-112.254886"
2001439,"33.367042,-112.189886"
2001440,"33.367042,-112.184886"
2001441,"33.367042,-112.179886"
2001442,"33.367042,-112.174886"
2001443,"33.367042,-112.164886"
2001444,"33.367042,-112.159886"
2001445,"33.367042,-112.149886"
2001446,"33.367042,-112.134886"
2001447,"33.367042,-112.084886"
2001448,"33.367042,-112.079886"
2001449,"33.367042,-112.074886"
2001450,"33.367042,-112.069886"
2001451,"33.367042,-112.064886"
2001452,"33.367042,-112.059886"
2001453,"33.367042,-112.054886"
2001454,"33.367042,-112.049886"
2001455,"33.367042,-112.044886"
2001456,"33.367042,-112.039886"
2001457,"33.367042,-112.034886"
2001458,"33.367042,-111.954886"
2001459,"33.367042,-111.944886"
2001460,"33.367042,-111.939886"
2001461,"33.367042,-111.929886"
2001462,"33.367042,-111.924886"
2001463,"33.367042,-111.919886"
2001464,"33.367042,-111.914886"
2001465,"33.367042,-111.909886"
2001466,"33.367042,-111.904886"
2001467,"33.367042,-111.899886"
2001468,"33.367042,-111.889886"
2001469,"33.367042,-111.884886"
2001470,"33.367042,-111.879886"
2001471,"33.367042,-111.874886"
2001472,"33.367042,-111.869886"
2001473,"33.367042,-111.864886"
2001474,"33.367042,-111.854886"
2001475,"33.367042,-111.844886"
2001476,"33.367042,-111.839886"
2001477,"33.367042,-111.834886"
2001478,"33.367042,-111.824886"
2001479,"33.367042,-111.819886"
2001480,"33.367042,-111.814886"
2001481,"33.367042,-111.809886"
2001482,"33.367042,-111.804886"
2001483,"33.367042,-111.799886"
2001484,"33.367042,-111.794886"
2001485,"33.367042,-111.789886"
2001486,"33.367042,-111.784886"
2001487,"33.367042,-111.779886"
2001488,"33.367042,-111.774886"
2001489,"33.367042,-111.764886"
2001490,"33.367042,-111.759886"
2001491,"33.367042,-111.754886"
2001492,"33.367042,-111.749886"
2001493,"33.367042,-111.744886"
2001494,"33.367042,-111.739886"
2001495,"33.367042,-111.734886"
2001496,"33.367042,-111.729886"
2001497,"33.367042,-111.719886"
2001498,"33.367042,-111.714886"
2001499,"33.367042,-111.709886"
2001500,"33.367042,-111.704886"
2001501,"33.367042,-111.699886"
2001502,"33.367042,-111.694886"
2001503,"33.367042,-111.679886"
2001504,"33.367042,-111.674886"
2001505,"33.367042,-111.669886"
2001506,"33.367042,-111.664886"
2001507,"33.367042,-111.659886"
2001508,"33.367042,-111.654886"
2001509,"33.367042,-111.649886"
2001510,"33.367042,-111.644886"
2001511,"33.367042,-111.624886"
2001512,"33.367042,-111.619886"
2001513,"33.367042,-111.594886"
2001514,"33.367042,-111.589886"
2001515,"33.367042,-111.584886"
2001516,"33.372042,-112.344886"
2001517,"33.372042,-112.319886"
2001518,"33.372042,-112.314886"
2001519,"33.372042,-112.309886"
2001520,"33.372042,-112.254886"
2001521,"33.372042,-112.224886"
2001522,"33.372042,-112.214886"
2001523,"33.372042,-112.209886"
2001524,"33.372042,-112.189886"
2001525,"33.372042,-112.179886"
2001526,"33.372042,-112.174886"
2001527,"33.372042,-112.169886"
2001528,"33.372042,-112.164886"
2001529,"33.372042,-112.159886"
2001530,"33.372042,-112.134886"
2001531,"33.372042,-112.119886"
2001532,"33.372042,-112.109886"
2001533,"33.372042,-112.099886"
2001534,"33.372042,-112.084886"
2001535,"33.372042,-112.064886"
2001536,"33.372042,-112.049886"
2001537,"33.372042,-112.044886"
2001538,"33.372042,-112.039886"
2001539,"33.372042,-112.034886"
2001540,"33.372042,-112.029886"
2001541,"33.372042,-112.014886"
2001542,"33.372042,-112.009886"
2001543,"33.372042,-111.974886"
2001544,"33.372042,-111.954886"
2001545,"33.372042,-111.949886"
2001546,"33.372042,-111.934886"
2001547,"33.372042,-111.929886"
2001548,"33.372042,-111.924886"
2001549,"33.372042,-111.919886"
2001550,"33.372042,-111.914886"
2001551,"33.372042,-111.909886"
2001552,"33.372042,-111.904886"
2001553,"33.372042,-111.899886"
2001554,"33.372042,-111.894886"
2001555,"33.372042,-111.884886"
2001556,"33.372042,-111.879886"
2001557,"33.372042,-111.864886"
2001558,"33.372042,-111.859886"
2001559,"33.372042,-111.849886"
2001560,"33.372042,-111.834886"
2001561,"33.372042,-111.829886"
2001562,"33.372042,-111.824886"
2001563,"33.372042,-111.814886"
2001564,"33.372042,-111.809886"
2001565,"33.372042,-111.804886"
2001566,"33.372042,-111.799886"
2001567,"33.372042,-111.794886"
2001568,"33.372042,-111.789886"
2001569,"33.372042,-111.784886"
2001570,"33.372042,-111.779886"
2001571,"33.372042,-111.774886"
2001572,"33.372042,-111.769886"
2001573,"33.372042,-111.764886"
2001574,"33.372042,-111.759886"
2001575,"33.372042,-111.749886"
2001576,"33.372042,-111.744886"
2001577,"33.372042,-111.739886"
2001578,"33.372042,-111.729886"
2001579,"33.372042,-111.724886"
2001580,"33.372042,-111.719886"
2001581,"33.372042,-111.714886"
2001582,"33.372042,-111.709886"
2001583,"33.372042,-111.704886"
2001584,"33.372042,-111.699886"
2001585,"33.372042,-111.684886"
2001586,"33.372042,-111.679886"
2001587,"33.372042,-111.674886"
2001588,"33.372042,-111.669886"
2001589,"33.372042,-111.664886"
2001590,"33.372042,-111.659886"
2001591,"33.372042,-111.654886"
2001592,"33.372042,-111.649886"
2001593,"33.372042,-111.634886"
2001594,"33.372042,-111.619886"
2001595,"33.372042,-111.614886"
2001596,"33.372042,-111.609886"
2001597,"33.372042,-111.604886"
2001598,"33.372042,-111.599886"
2001599,"33.372042,-111.594886"
2001600,"33.372042,-111.589886"
2001601,"33.372042,-111.584886"
2001602,"33.377042,-112.464886"
2001603,"33.377042,-112.419886"
2001604,"33.377042,-112.314886"
2001605,"33.377042,-112.309886"
2001606,"33.377042,-112.254886"
2001607,"33.377042,-112.249886"
2001608,"33.377042,-112.244886"
2001609,"33.377042,-112.239886"
2001610,"33.377042,-112.234886"
2001611,"33.377042,-112.229886"
2001612,"33.377042,-112.224886"
2001613,"33.377042,-112.219886"
2001614,"33.377042,-112.214886"
2001615,"33.377042,-112.209886"
2001616,"33.377042,-112.204886"
2001617,"33.377042,-112.199886"
2001618,"33.377042,-112.194886"
2001619,"33.377042,-112.189886"
2001620,"33.377042,-112.184886"
2001621,"33.377042,-112.179886"
2001622,"33.377042,-112.174886"
2001623,"33.377042,-112.169886"
2001624,"33.377042,-112.164886"
2001625,"33.377042,-112.159886"
2001626,"33.377042,-112.149886"
2001627,"33.377042,-112.134886"
2001628,"33.377042,-112.109886"
2001629,"33.377042,-112.104886"
2001630,"33.377042,-112.099886"
2001631,"33.377042,-112.074886"
2001632,"33.377042,-112.069886"
2001633,"33.377042,-112.064886"
2001634,"33.377042,-112.049886"
2001635,"33.377042,-112.044886"
2001636,"33.377042,-112.039886"
2001637,"33.377042,-112.029886"
2001638,"33.377042,-111.994886"
2001639,"33.377042,-111.984886"
2001640,"33.377042,-111.974886"
2001641,"33.377042,-111.959886"
2001642,"33.377042,-111.949886"
2001643,"33.377042,-111.944886"
2001644,"33.377042,-111.939886"
2001645,"33.377042,-111.934886"
2001646,"33.377042,-111.929886"
2001647,"33.377042,-111.919886"
2001648,"33.377042,-111.914886"
2001649,"33.377042,-111.909886"
2001650,"33.377042,-111.904886"
2001651,"33.377042,-111.899886"
2001652,"33.377042,-111.894886"
2001653,"33.377042,-111.889886"
2001654,"33.377042,-111.884886"
2001655,"33.377042,-111.879886"
2001656,"33.377042,-111.874886"
2001657,"33.377042,-111.864886"
2001658,"33.377042,-111.859886"
2001659,"33.377042,-111.854886"
2001660,"33.377042,-111.849886"
2001661,"33.377042,-111.844886"
2001662,"33.377042,-111.839886"
2001663,"33.377042,-111.834886"
2001664,"33.377042,-111.824886"
2001665,"33.377042,-111.819886"
2001666,"33.377042,-111.814886"
2001667,"33.377042,-111.804886"
2001668,"33.377042,-111.799886"
2001669,"33.377042,-111.789886"
2001670,"33.377042,-111.784886"
2001671,"33.377042,-111.779886"
2001672,"33.377042,-111.774886"
2001673,"33.377042,-111.769886"
2001674,"33.377042,-111.764886"
2001675,"33.377042,-111.759886"
2001676,"33.377042,-111.754886"
2001677,"33.377042,-111.739886"
2001678,"33.377042,-111.734886"
2001679,"33.377042,-111.729886"
2001680,"33.377042,-111.724886"
2001681,"33.377042,-111.714886"
2001682,"33.377042,-111.704886"
2001683,"33.377042,-111.699886"
2001684,"33.377042,-111.689886"
2001685,"33.377042,-111.679886"
2001686,"33.377042,-111.674886"
2001687,"33.377042,-111.669886"
2001688,"33.377042,-111.664886"
2001689,"33.377042,-111.659886"
2001690,"33.377042,-111.654886"
2001691,"33.377042,-111.634886"
2001692,"33.377042,-111.629886"
2001693,"33.377042,-111.619886"
2001694,"33.377042,-111.614886"
2001695,"33.377042,-111.609886"
2001696,"33.377042,-111.604886"
2001697,"33.377042,-111.599886"
2001698,"33.377042,-111.594886"
2001699,"33.377042,-111.584886"
2001700,"33.382042,-112.224886"
2001701,"33.382042,-112.219886"
2001702,"33.382042,-112.214886"
2001703,"33.382042,-112.209886"
2001704,"33.382042,-112.204886"
2001705,"33.382042,-112.199886"
2001706,"33.382042,-112.194886"
2001707,"33.382042,-112.189886"
2001708,"33.382042,-112.174886"
2001709,"33.382042,-112.159886"
2001710,"33.382042,-112.154886"
2001711,"33.382042,-112.149886"
2001712,"33.382042,-112.144886"
2001713,"33.382042,-112.139886"
2001714,"33.382042,-112.124886"
2001715,"33.382042,-112.114886"
2001716,"33.382042,-112.109886"
2001717,"33.382042,-112.104886"
2001718,"33.382042,-112.094886"
2001719,"33.382042,-112.089886"
2001720,"33.382042,-112.084886"
2001721,"33.382042,-112.079886"
2001722,"33.382042,-112.069886"
2001723,"33.382042,-112.064886"
2001724,"33.382042,-112.059886"
2001725,"33.382042,-112.054886"
2001726,"33.382042,-112.049886"
2001727,"33.382042,-112.044886"
2001728,"33.382042,-112.039886"
2001729,"33.382042,-112.029886"
2001730,"33.382042,-111.994886"
2001731,"33.382042,-111.979886"
2001732,"33.382042,-111.974886"
2001733,"33.382042,-111.969886"
2001734,"33.382042,-111.964886"
2001735,"33.382042,-111.949886"
2001736,"33.382042,-111.939886"
2001737,"33.382042,-111.934886"
2001738,"33.382042,-111.929886"
2001739,"33.382042,-111.924886"
2001740,"33.382042,-111.919886"
2001741,"33.382042,-111.914886"
2001742,"33.382042,-111.909886"
2001743,"33.382042,-111.904886"
2001744,"33.382042,-111.899886"
2001745,"33.382042,-111.894886"
2001746,"33.382042,-111.889886"
2001747,"33.382042,-111.879886"
2001748,"33.382042,-111.864886"
2001749,"33.382042,-111.859886"
2001750,"33.382042,-111.854886"
2001751,"33.382042,-111.849886"
2001752,"33.382042,-111.844886"
2001753,"33.382042,-111.839886"
2001754,"33.382042,-111.834886"
2001755,"33.382042,-111.824886"
2001756,"33.382042,-111.809886"
2001757,"33.382042,-111.804886"
2001758,"33.382042,-111.794886"
2001759,"33.382042,-111.789886"
2001760,"33.382042,-111.784886"
2001761,"33.382042,-111.779886"
2001762,"33.382042,-111.774886"
2001763,"33.382042,-111.769886"
2001764,"33.382042,-111.759886"
2001765,"33.382042,-111.754886"
2001766,"33.382042,-111.749886"
2001767,"33.382042,-111.739886"
2001768,"33.382042,-111.734886"
2001769,"33.382042,-111.729886"
2001770,"33.382042,-111.719886"
2001771,"33.382042,-111.714886"
2001772,"33.382042,-111.704886"
2001773,"33.382042,-111.679886"
2001774,"33.382042,-111.664886"
2001775,"33.382042,-111.659886"
2001776,"33.382042,-111.654886"
2001777,"33.382042,-111.634886"
2001778,"33.382042,-111.624886"
2001779,"33.382042,-111.619886"
2001780,"33.382042,-111.609886"
2001781,"33.382042,-111.599886"
2001782,"33.387042,-112.279886"
2001783,"33.387042,-112.219886"
2001784,"33.387042,-112.209886"
2001785,"33.387042,-112.204886"
2001786,"33.387042,-112.199886"
2001787,"33.387042,-112.174886"
2001788,"33.387042,-112.169886"
2001789,"33.387042,-112.164886"
2001790,"33.387042,-112.159886"
2001791,"33.387042,-112.154886"
2001792,"33.387042,-112.144886"
2001793,"33.387042,-112.139886"
2001794,"33.387042,-112.129886"
2001795,"33.387042,-112.124886"
2001796,"33.387042,-112.114886"
2001797,"33.387042,-112.094886"
2001798,"33.387042,-112.089886"
2001799,"33.387042,-112.084886"
2001800,"33.387042,-112.079886"
2001801,"33.387042,-112.074886"
2001802,"33.387042,-112.069886"
2001803,"33.387042,-112.064886"
2001804,"33.387042,-112.059886"
2001805,"33.387042,-112.049886"
2001806,"33.387042,-112.044886"
2001807,"33.387042,-112.039886"
2001808,"33.387042,-112.034886"
2001809,"33.387042,-112.029886"
2001810,"33.387042,-111.994886"
2001811,"33.387042,-111.989886"
2001812,"33.387042,-111.979886"
2001813,"33.387042,-111.969886"
2001814,"33.387042,-111.964886"
2001815,"33.387042,-111.959886"
2001816,"33.387042,-111.954886"
2001817,"33.387042,-111.949886"
2001818,"33.387042,-111.944886"
2001819,"33.387042,-111.939886"
2001820,"33.387042,-111.934886"
2001821,"33.387042,-111.924886"
2001822,"33.387042,-111.919886"
2001823,"33.387042,-111.914886"
2001824,"33.387042,-111.909886"
2001825,"33.387042,-111.904886"
2001826,"33.387042,-111.899886"
2001827,"33.387042,-111.894886"
2001828,"33.387042,-111.889886"
2001829,"33.387042,-111.884886"
2001830,"33.387042,-111.879886"
2001831,"33.387042,-111.874886"
2001832,"33.387042,-111.869886"
2001833,"33.387042,-111.864886"
2001834,"33.387042,-111.859886"
2001835,"33.387042,-111.854886"
2001836,"33.387042,-111.839886"
2001837,"33.387042,-111.804886"
2001838,"33.387042,-111.789886"
2001839,"33.387042,-111.784886"
2001840,"33.387042,-111.779886"
2001841,"33.387042,-111.759886"
2001842,"33.387042,-111.754886"
2001843,"33.387042,-111.749886"
2001844,"33.387042,-111.744886"
2001845,"33.387042,-111.739886"
2001846,"33.387042,-111.734886"
2001847,"33.387042,-111.729886"
2001848,"33.387042,-111.724886"
2001849,"33.387042,-111.719886"
2001850,"33.387042,-111.714886"
2001851,"33.387042,-111.709886"
2001852,"33.387042,-111.704886"
2001853,"33.387042,-111.699886"
2001854,"33.387042,-111.694886"
2001855,"33.387042,-111.689886"
2001856,"33.387042,-111.684886"
2001857,"33.387042,-111.679886"
2001858,"33.387042,-111.674886"
2001859,"33.387042,-111.669886"
2001860,"33.387042,-111.664886"
2001861,"33.387042,-111.659886"
2001862,"33.387042,-111.654886"
2001863,"33.387042,-111.649886"
2001864,"33.387042,-111.644886"
2001865,"33.387042,-111.639886"
2001866,"33.387042,-111.634886"
2001867,"33.387042,-111.629886"
2001868,"33.387042,-111.624886"
2001869,"33.387042,-111.619886"
2001870,"33.387042,-111.614886"
2001871,"33.387042,-111.609886"
2001872,"33.387042,-111.604886"
2001873,"33.387042,-111.599886"
2001874,"33.387042,-111.594886"
2001875,"33.387042,-111.589886"
2001876,"33.387042,-111.584886"
2001877,"33.392042,-112.469886"
2001878,"33.392042,-112.464886"
2001879,"33.392042,-112.459886"
2001880,"33.392042,-112.454886"
2001881,"33.392042,-112.449886"
2001882,"33.392042,-112.444886"
2001883,"33.392042,-112.374886"
2001884,"33.392042,-112.344886"
2001885,"33.392042,-112.339886"
2001886,"33.392042,-112.334886"
2001887,"33.392042,-112.329886"
2001888,"33.392042,-112.324886"
2001889,"33.392042,-112.319886"
2001890,"33.392042,-112.314886"
2001891,"33.392042,-112.309886"
2001892,"33.392042,-112.304886"
2001893,"33.392042,-112.299886"
2001894,"33.392042,-112.294886"
2001895,"33.392042,-112.289886"
2001896,"33.392042,-112.284886"
2001897,"33.392042,-112.279886"
2001898,"33.392042,-112.274886"
2001899,"33.392042,-112.219886"
2001900,"33.392042,-112.214886"
2001901,"33.392042,-112.209886"
2001902,"33.392042,-112.204886"
2001903,"33.392042,-112.199886"
2001904,"33.392042,-112.194886"
2001905,"33.392042,-112.189886"
2001906,"33.392042,-112.184886"
2001907,"33.392042,-112.179886"
2001908,"33.392042,-112.174886"
2001909,"33.392042,-112.169886"
2001910,"33.392042,-112.164886"
2001911,"33.392042,-112.159886"
2001912,"33.392042,-112.154886"
2001913,"33.392042,-112.149886"
2001914,"33.392042,-112.144886"
2001915,"33.392042,-112.139886"
2001916,"33.392042,-112.134886"
2001917,"33.392042,-112.129886"
2001918,"33.392042,-112.124886"
2001919,"33.392042,-112.119886"
2001920,"33.392042,-112.114886"
2001921,"33.392042,-112.109886"
2001922,"33.392042,-112.104886"
2001923,"33.392042,-112.099886"
2001924,"33.392042,-112.094886"
2001925,"33.392042,-112.089886"
2001926,"33.392042,-112.084886"
2001927,"33.392042,-112.079886"
2001928,"33.392042,-112.074886"
2001929,"33.392042,-112.069886"
2001930,"33.392042,-112.064886"
2001931,"33.392042,-112.059886"
2001932,"33.392042,-112.054886"
2001933,"33.392042,-112.049886"
2001934,"33.392042,-112.044886"
2001935,"33.392042,-112.039886"
2001936,"33.392042,-112.034886"
2001937,"33.392042,-112.029886"
2001938,"33.392042,-111.994886"
2001939,"33.392042,-111.989886"
2001940,"33.392042,-111.984886"
2001941,"33.392042,-111.979886"
2001942,"33.392042,-111.959886"
2001943,"33.392042,-111.954886"
2001944,"33.392042,-111.949886"
2001945,"33.392042,-111.944886"
2001946,"33.392042,-111.939886"
2001947,"33.392042,-111.934886"
2001948,"33.392042,-111.929886"
2001949,"33.392042,-111.924886"
2001950,"33.392042,-111.919886"
2001951,"33.392042,-111.914886"
2001952,"33.392042,-111.909886"
2001953,"33.392042,-111.904886"
2001954,"33.392042,-111.899886"
2001955,"33.392042,-111.894886"
2001956,"33.392042,-111.889886"
2001957,"33.392042,-111.884886"
2001958,"33.392042,-111.879886"
2001959,"33.392042,-111.874886"
2001960,"33.392042,-111.869886"
2001961,"33.392042,-111.864886"
2001962,"33.392042,-111.859886"
2001963,"33.392042,-111.854886"
2001964,"33.392042,-111.844886"
2001965,"33.392042,-111.839886"
2001966,"33.392042,-111.829886"
2001967,"33.392042,-111.824886"
2001968,"33.392042,-111.819886"
2001969,"33.392042,-111.814886"
2001970,"33.392042,-111.809886"
2001971,"33.392042,-111.804886"
2001972,"33.392042,-111.799886"
2001973,"33.392042,-111.794886"
2001974,"33.392042,-111.789886"
2001975,"33.392042,-111.784886"
2001976,"33.392042,-111.779886"
2001977,"33.392042,-111.774886"
2001978,"33.392042,-111.769886"
2001979,"33.392042,-111.764886"
2001980,"33.392042,-111.759886"
2001981,"33.392042,-111.754886"
2001982,"33.392042,-111.749886"
2001983,"33.392042,-111.744886"
2001984,"33.392042,-111.719886"
2001985,"33.392042,-111.714886"
2001986,"33.392042,-111.709886"
2001987,"33.392042,-111.699886"
2001988,"33.392042,-111.694886"
2001989,"33.392042,-111.689886"
2001990,"33.392042,-111.684886"
2001991,"33.392042,-111.679886"
2001992,"33.392042,-111.674886"
2001993,"33.392042,-111.669886"
2001994,"33.392042,-111.664886"
2001995,"33.392042,-111.659886"
2001996,"33.392042,-111.649886"
2001997,"33.392042,-111.634886"
2001998,"33.392042,-111.624886"
2001999,"33.392042,-111.614886"
2002000,"33.392042,-111.609886"
2002001,"33.392042,-111.604886"
2002002,"33.397042,-112.374886"
2002003,"33.397042,-112.304886"
2002004,"33.397042,-112.174886"
2002005,"33.397042,-112.169886"
2002006,"33.397042,-112.139886"
2002007,"33.397042,-112.134886"
2002008,"33.397042,-112.129886"
2002009,"33.397042,-112.124886"
2002010,"33.397042,-112.119886"
2002011,"33.397042,-112.104886"
2002012,"33.397042,-112.099886"
2002013,"33.397042,-112.094886"
2002014,"33.397042,-112.089886"
2002015,"33.397042,-112.084886"
2002016,"33.397042,-112.079886"
2002017,"33.397042,-112.074886"
2002018,"33.397042,-112.069886"
2002019,"33.397042,-112.064886"
2002020,"33.397042,-112.054886"
2002021,"33.397042,-112.049886"
2002022,"33.397042,-112.044886"
2002023,"33.397042,-112.034886"
2002024,"33.397042,-112.029886"
2002025,"33.397042,-112.014886"
2002026,"33.397042,-112.009886"
2002027,"33.397042,-111.999886"
2002028,"33.397042,-111.984886"
2002029,"33.397042,-111.979886"
2002030,"33.397042,-111.974886"
2002031,"33.397042,-111.969886"
2002032,"33.397042,-111.954886"
2002033,"33.397042,-111.939886"
2002034,"33.397042,-111.934886"
2002035,"33.397042,-111.929886"
2002036,"33.397042,-111.924886"
2002037,"33.397042,-111.919886"
2002038,"33.397042,-111.914886"
2002039,"33.397042,-111.909886"
2002040,"33.397042,-111.904886"
2002041,"33.397042,-111.889886"
2002042,"33.397042,-111.884886"
2002043,"33.397042,-111.879886"
2002044,"33.397042,-111.874886"
2002045,"33.397042,-111.864886"
2002046,"33.397042,-111.859886"
2002047,"33.397042,-111.854886"
2002048,"33.397042,-111.844886"
2002049,"33.397042,-111.839886"
2002050,"33.397042,-111.834886"
2002051,"33.397042,-111.829886"
2002052,"33.397042,-111.824886"
2002053,"33.397042,-111.819886"
2002054,"33.397042,-111.814886"
2002055,"33.397042,-111.809886"
2002056,"33.397042,-111.804886"
2002057,"33.397042,-111.799886"
2002058,"33.397042,-111.789886"
2002059,"33.397042,-111.784886"
2002060,"33.397042,-111.779886"
2002061,"33.397042,-111.769886"
2002062,"33.397042,-111.759886"
2002063,"33.397042,-111.749886"
2002064,"33.397042,-111.739886"
2002065,"33.397042,-111.729886"
2002066,"33.397042,-111.724886"
2002067,"33.397042,-111.719886"
2002068,"33.397042,-111.714886"
2002069,"33.397042,-111.709886"
2002070,"33.397042,-111.684886"
2002071,"33.397042,-111.679886"
2002072,"33.397042,-111.674886"
2002073,"33.397042,-111.669886"
2002074,"33.397042,-111.664886"
2002075,"33.397042,-111.649886"
2002076,"33.397042,-111.639886"
2002077,"33.397042,-111.634886"
2002078,"33.397042,-111.629886"
2002079,"33.397042,-111.624886"
2002080,"33.397042,-111.619886"
2002081,"33.397042,-111.614886"
2002082,"33.397042,-111.604886"
2002083,"33.397042,-111.599886"
2002084,"33.397042,-111.594886"
2002085,"33.397042,-111.589886"
2002086,"33.397042,-111.584886"
2002087,"33.402042,-112.434886"
2002088,"33.402042,-112.374886"
2002089,"33.402042,-112.279886"
2002090,"33.402042,-112.274886"
2002091,"33.402042,-112.139886"
2002092,"33.402042,-112.134886"
2002093,"33.402042,-112.114886"
2002094,"33.402042,-112.109886"
2002095,"33.402042,-112.099886"
2002096,"33.402042,-112.094886"
2002097,"33.402042,-112.079886"
2002098,"33.402042,-112.069886"
2002099,"33.402042,-112.064886"
2002100,"33.402042,-112.059886"
2002101,"33.402042,-112.049886"
2002102,"33.402042,-112.044886"
2002103,"33.402042,-112.039886"
2002104,"33.402042,-112.029886"
2002105,"33.402042,-112.024886"
2002106,"33.402042,-112.019886"
2002107,"33.402042,-112.014886"
2002108,"33.402042,-111.999886"
2002109,"33.402042,-111.994886"
2002110,"33.402042,-111.989886"
2002111,"33.402042,-111.984886"
2002112,"33.402042,-111.979886"
2002113,"33.402042,-111.969886"
2002114,"33.402042,-111.954886"
2002115,"33.402042,-111.944886"
2002116,"33.402042,-111.939886"
2002117,"33.402042,-111.934886"
2002118,"33.402042,-111.929886"
2002119,"33.402042,-111.924886"
2002120,"33.402042,-111.919886"
2002121,"33.402042,-111.909886"
2002122,"33.402042,-111.904886"
2002123,"33.402042,-111.899886"
2002124,"33.402042,-111.894886"
2002125,"33.402042,-111.889886"
2002126,"33.402042,-111.884886"
2002127,"33.402042,-111.879886"
2002128,"33.402042,-111.874886"
2002129,"33.402042,-111.869886"
2002130,"33.402042,-111.864886"
2002131,"33.402042,-111.859886"
2002132,"33.402042,-111.854886"
2002133,"33.402042,-111.844886"
2002134,"33.402042,-111.839886"
2002135,"33.402042,-111.834886"
2002136,"33.402042,-111.829886"
2002137,"33.402042,-111.824886"
2002138,"33.402042,-111.819886"
2002139,"33.402042,-111.814886"
2002140,"33.402042,-111.809886"
2002141,"33.402042,-111.804886"
2002142,"33.402042,-111.799886"
2002143,"33.402042,-111.794886"
2002144,"33.402042,-111.789886"
2002145,"33.402042,-111.779886"
2002146,"33.402042,-111.774886"
2002147,"33.402042,-111.769886"
2002148,"33.402042,-111.764886"
2002149,"33.402042,-111.754886"
2002150,"33.402042,-111.749886"
2002151,"33.402042,-111.744886"
2002152,"33.402042,-111.739886"
2002153,"33.402042,-111.734886"
2002154,"33.402042,-111.719886"
2002155,"33.402042,-111.714886"
2002156,"33.402042,-111.684886"
2002157,"33.402042,-111.679886"
2002158,"33.402042,-111.674886"
2002159,"33.402042,-111.669886"
2002160,"33.402042,-111.649886"
2002161,"33.402042,-111.644886"
2002162,"33.402042,-111.639886"
2002163,"33.402042,-111.629886"
2002164,"33.402042,-111.619886"
2002165,"33.402042,-111.614886"
2002166,"33.402042,-111.609886"
2002167,"33.402042,-111.594886"
2002168,"33.402042,-111.589886"
2002169,"33.407042,-112.459886"
2002170,"33.407042,-112.454886"
2002171,"33.407042,-112.449886"
2002172,"33.407042,-112.444886"
2002173,"33.407042,-112.439886"
2002174,"33.407042,-112.434886"
2002175,"33.407042,-112.404886"
2002176,"33.407042,-112.374886"
2002177,"33.407042,-112.284886"
2002178,"33.407042,-112.274886"
2002179,"33.407042,-112.254886"
2002180,"33.407042,-112.249886"
2002181,"33.407042,-112.209886"
2002182,"33.407042,-112.139886"
2002183,"33.407042,-112.134886"
2002184,"33.407042,-112.129886"
2002185,"33.407042,-112.124886"
2002186,"33.407042,-112.119886"
2002187,"33.407042,-112.114886"
2002188,"33.407042,-112.109886"
2002189,"33.407042,-112.104886"
2002190,"33.407042,-112.099886"
2002191,"33.407042,-112.094886"
2002192,"33.407042,-112.089886"
2002193,"33.407042,-112.084886"
2002194,"33.407042,-112.079886"
2002195,"33.407042,-112.074886"
2002196,"33.407042,-112.069886"
2002197,"33.407042,-112.064886"
2002198,"33.407042,-112.059886"
2002199,"33.407042,-112.054886"
2002200,"33.407042,-112.049886"
2002201,"33.407042,-112.044886"
2002202,"33.407042,-112.039886"
2002203,"33.407042,-112.034886"
2002204,"33.407042,-112.029886"
2002205,"33.407042,-112.024886"
2002206,"33.407042,-112.019886"
2002207,"33.407042,-112.014886"
2002208,"33.407042,-112.009886"
2002209,"33.407042,-112.004886"
2002210,"33.407042,-111.999886"
2002211,"33.407042,-111.994886"
2002212,"33.407042,-111.989886"
2002213,"33.407042,-111.984886"
2002214,"33.407042,-111.979886"
2002215,"33.407042,-111.969886"
2002216,"33.407042,-111.964886"
2002217,"33.407042,-111.959886"
2002218,"33.407042,-111.954886"
2002219,"33.407042,-111.949886"
2002220,"33.407042,-111.944886"
2002221,"33.407042,-111.939886"
2002222,"33.407042,-111.934886"
2002223,"33.407042,-111.929886"
2002224,"33.407042,-111.924886"
2002225,"33.407042,-111.919886"
2002226,"33.407042,-111.914886"
2002227,"33.407042,-111.909886"
2002228,"33.407042,-111.904886"
2002229,"33.407042,-111.899886"
2002230,"33.407042,-111.894886"
2002231,"33.407042,-111.889886"
2002232,"33.407042,-111.884886"
2002233,"33.407042,-111.879886"
2002234,"33.407042,-111.874886"
2002235,"33.407042,-111.869886"
2002236,"33.407042,-111.864886"
2002237,"33.407042,-111.859886"
2002238,"33.407042,-111.854886"
2002239,"33.407042,-111.839886"
2002240,"33.407042,-111.834886"
2002241,"33.407042,-111.829886"
2002242,"33.407042,-111.824886"
2002243,"33.407042,-111.819886"
2002244,"33.407042,-111.814886"
2002245,"33.407042,-111.809886"
2002246,"33.407042,-111.804886"
2002247,"33.407042,-111.799886"
2002248,"33.407042,-111.794886"
2002249,"33.407042,-111.779886"
2002250,"33.407042,-111.774886"
2002251,"33.407042,-111.769886"
2002252,"33.407042,-111.764886"
2002253,"33.407042,-111.759886"
2002254,"33.407042,-111.744886"
2002255,"33.407042,-111.739886"
2002256,"33.407042,-111.729886"
2002257,"33.407042,-111.724886"
2002258,"33.407042,-111.714886"
2002259,"33.407042,-111.694886"
2002260,"33.407042,-111.684886"
2002261,"33.407042,-111.669886"
2002262,"33.407042,-111.649886"
2002263,"33.407042,-111.644886"
2002264,"33.407042,-111.639886"
2002265,"33.407042,-111.634886"
2002266,"33.407042,-111.629886"
2002267,"33.407042,-111.619886"
2002268,"33.407042,-111.614886"
2002269,"33.407042,-111.609886"
2002270,"33.407042,-111.599886"
2002271,"33.407042,-111.594886"
2002272,"33.407042,-111.584886"
2002273,"33.412042,-112.459886"
2002274,"33.412042,-112.434886"
2002275,"33.412042,-112.409886"
2002276,"33.412042,-112.394886"
2002277,"33.412042,-112.379886"
2002278,"33.412042,-112.374886"
2002279,"33.412042,-112.329886"
2002280,"33.412042,-112.324886"
2002281,"33.412042,-112.289886"
2002282,"33.412042,-112.284886"
2002283,"33.412042,-112.279886"
2002284,"33.412042,-112.274886"
2002285,"33.412042,-112.259886"
2002286,"33.412042,-112.254886"
2002287,"33.412042,-112.234886"
2002288,"33.412042,-112.229886"
2002289,"33.412042,-112.219886"
2002290,"33.412042,-112.214886"
2002291,"33.412042,-112.194886"
2002292,"33.412042,-112.189886"
2002293,"33.412042,-112.174886"
2002294,"33.412042,-112.099886"
2002295,"33.412042,-112.084886"
2002296,"33.412042,-112.079886"
2002297,"33.412042,-112.074886"
2002298,"33.412042,-112.069886"
2002299,"33.412042,-112.064886"
2002300,"33.412042,-112.059886"
2002301,"33.412042,-112.049886"
2002302,"33.412042,-112.044886"
2002303,"33.412042,-112.039886"
2002304,"33.412042,-112.029886"
2002305,"33.412042,-112.024886"
2002306,"33.412042,-112.014886"
2002307,"33.412042,-112.009886"
2002308,"33.412042,-111.999886"
2002309,"33.412042,-111.994886"
2002310,"33.412042,-111.989886"
2002311,"33.412042,-111.979886"
2002312,"33.412042,-111.974886"
2002313,"33.412042,-111.969886"
2002314,"33.412042,-111.959886"
2002315,"33.412042,-111.954886"
2002316,"33.412042,-111.949886"
2002317,"33.412042,-111.944886"
2002318,"33.412042,-111.924886"
2002319,"33.412042,-111.919886"
2002320,"33.412042,-111.914886"
2002321,"33.412042,-111.904886"
2002322,"33.412042,-111.894886"
2002323,"33.412042,-111.874886"
2002324,"33.412042,-111.869886"
2002325,"33.412042,-111.854886"
2002326,"33.412042,-111.844886"
2002327,"33.412042,-111.839886"
2002328,"33.412042,-111.824886"
2002329,"33.412042,-111.819886"
2002330,"33.412042,-111.814886"
2002331,"33.412042,-111.809886"
2002332,"33.412042,-111.804886"
2002333,"33.412042,-111.799886"
2002334,"33.412042,-111.794886"
2002335,"33.412042,-111.789886"
2002336,"33.412042,-111.784886"
2002337,"33.412042,-111.744886"
2002338,"33.412042,-111.739886"
2002339,"33.412042,-111.714886"
2002340,"33.412042,-111.704886"
2002341,"33.412042,-111.694886"
2002342,"33.412042,-111.689886"
2002343,"33.412042,-111.684886"
2002344,"33.412042,-111.674886"
2002345,"33.412042,-111.669886"
2002346,"33.412042,-111.659886"
2002347,"33.412042,-111.654886"
2002348,"33.412042,-111.649886"
2002349,"33.412042,-111.639886"
2002350,"33.412042,-111.634886"
2002351,"33.412042,-111.614886"
2002352,"33.412042,-111.599886"
2002353,"33.412042,-111.594886"
2002354,"33.412042,-111.584886"
2002355,"33.417042,-112.459886"
2002356,"33.417042,-112.419886"
2002357,"33.417042,-112.414886"
2002358,"33.417042,-112.409886"
2002359,"33.417042,-112.404886"
2002360,"33.417042,-112.369886"
2002361,"33.417042,-112.329886"
2002362,"33.417042,-112.324886"
2002363,"33.417042,-112.304886"
2002364,"33.417042,-112.299886"
2002365,"33.417042,-112.294886"
2002366,"33.417042,-112.289886"
2002367,"33.417042,-112.284886"
2002368,"33.417042,-112.279886"
2002369,"33.417042,-112.274886"
2002370,"33.417042,-112.269886"
2002371,"33.417042,-112.264886"
2002372,"33.417042,-112.259886"
2002373,"33.417042,-112.249886"
2002374,"33.417042,-112.244886"
2002375,"33.417042,-112.239886"
2002376,"33.417042,-112.234886"
2002377,"33.417042,-112.229886"
2002378,"33.417042,-112.219886"
2002379,"33.417042,-112.214886"
2002380,"33.417042,-112.199886"
2002381,"33.417042,-112.194886"
2002382,"33.417042,-112.134886"
2002383,"33.417042,-112.099886"
2002384,"33.417042,-112.069886"
2002385,"33.417042,-112.064886"
2002386,"33.417042,-112.059886"
2002387,"33.417042,-112.009886"
2002388,"33.417042,-111.999886"
2002389,"33.417042,-111.994886"
2002390,"33.417042,-111.989886"
2002391,"33.417042,-111.969886"
2002392,"33.417042,-111.959886"
2002393,"33.417042,-111.949886"
2002394,"33.417042,-111.944886"
2002395,"33.417042,-111.924886"
2002396,"33.417042,-111.919886"
2002397,"33.417042,-111.914886"
2002398,"33.417042,-111.909886"
2002399,"33.417042,-111.904886"
2002400,"33.417042,-111.899886"
2002401,"33.417042,-111.894886"
2002402,"33.417042,-111.889886"
2002403,"33.417042,-111.884886"
2002404,"33.417042,-111.879886"
2002405,"33.417042,-111.874886"
2002406,"33.417042,-111.869886"
2002407,"33.417042,-111.864886"
2002408,"33.417042,-111.859886"
2002409,"33.417042,-111.854886"
2002410,"33.417042,-111.844886"
2002411,"33.417042,-111.839886"
2002412,"33.417042,-111.834886"
2002413,"33.417042,-111.829886"
2002414,"33.417042,-111.824886"
2002415,"33.417042,-111.819886"
2002416,"33.417042,-111.814886"
2002417,"33.417042,-111.804886"
2002418,"33.417042,-111.799886"
2002419,"33.417042,-111.789886"
2002420,"33.417042,-111.774886"
2002421,"33.417042,-111.769886"
2002422,"33.417042,-111.744886"
2002423,"33.417042,-111.734886"
2002424,"33.417042,-111.729886"
2002425,"33.417042,-111.714886"
2002426,"33.417042,-111.699886"
2002427,"33.417042,-111.694886"
2002428,"33.417042,-111.689886"
2002429,"33.417042,-111.684886"
2002430,"33.417042,-111.664886"
2002431,"33.417042,-111.659886"
2002432,"33.417042,-111.644886"
2002433,"33.417042,-111.639886"
2002434,"33.417042,-111.614886"
2002435,"33.417042,-111.604886"
2002436,"33.417042,-111.584886"
2002437,"33.422042,-112.459886"
2002438,"33.422042,-112.424886"
2002439,"33.422042,-112.419886"
2002440,"33.422042,-112.409886"
2002441,"33.422042,-112.404886"
2002442,"33.422042,-112.399886"
2002443,"33.422042,-112.394886"
2002444,"33.422042,-112.354886"
2002445,"33.422042,-112.349886"
2002446,"33.422042,-112.344886"
2002447,"33.422042,-112.329886"
2002448,"33.422042,-112.324886"
2002449,"33.422042,-112.319886"
2002450,"33.422042,-112.314886"
2002451,"33.422042,-112.309886"
2002452,"33.422042,-112.299886"
2002453,"33.422042,-112.294886"
2002454,"33.422042,-112.289886"
2002455,"33.422042,-112.284886"
2002456,"33.422042,-112.279886"
2002457,"33.422042,-112.274886"
2002458,"33.422042,-112.269886"
2002459,"33.422042,-112.254886"
2002460,"33.422042,-112.249886"
2002461,"33.422042,-112.244886"
2002462,"33.422042,-112.239886"
2002463,"33.422042,-112.229886"
2002464,"33.422042,-112.224886"
2002465,"33.422042,-112.219886"
2002466,"33.422042,-112.214886"
2002467,"33.422042,-112.199886"
2002468,"33.422042,-112.194886"
2002469,"33.422042,-112.189886"
2002470,"33.422042,-112.184886"
2002471,"33.422042,-112.179886"
2002472,"33.422042,-112.174886"
2002473,"33.422042,-112.169886"
2002474,"33.422042,-112.164886"
2002475,"33.422042,-112.159886"
2002476,"33.422042,-112.154886"
2002477,"33.422042,-112.134886"
2002478,"33.422042,-112.129886"
2002479,"33.422042,-112.124886"
2002480,"33.422042,-112.119886"
2002481,"33.422042,-112.114886"
2002482,"33.422042,-112.109886"
2002483,"33.422042,-112.104886"
2002484,"33.422042,-112.099886"
2002485,"33.422042,-112.079886"
2002486,"33.422042,-112.069886"
2002487,"33.422042,-112.064886"
2002488,"33.422042,-112.034886"
2002489,"33.422042,-112.004886"
2002490,"33.422042,-111.974886"
2002491,"33.422042,-111.969886"
2002492,"33.422042,-111.964886"
2002493,"33.422042,-111.959886"
2002494,"33.422042,-111.954886"
2002495,"33.422042,-111.949886"
2002496,"33.422042,-111.944886"
2002497,"33.422042,-111.939886"
2002498,"33.422042,-111.934886"
2002499,"33.422042,-111.929886"
2002500,"33.422042,-111.924886"
2002501,"33.422042,-111.919886"
2002502,"33.422042,-111.914886"
2002503,"33.422042,-111.909886"
2002504,"33.422042,-111.904886"
2002505,"33.422042,-111.899886"
2002506,"33.422042,-111.894886"
2002507,"33.422042,-111.889886"
2002508,"33.422042,-111.884886"
2002509,"33.422042,-111.879886"
2002510,"33.422042,-111.874886"
2002511,"33.422042,-111.869886"
2002512,"33.422042,-111.864886"
2002513,"33.422042,-111.859886"
2002514,"33.422042,-111.854886"
2002515,"33.422042,-111.849886"
2002516,"33.422042,-111.844886"
2002517,"33.422042,-111.839886"
2002518,"33.422042,-111.834886"
2002519,"33.422042,-111.829886"
2002520,"33.422042,-111.824886"
2002521,"33.422042,-111.819886"
2002522,"33.422042,-111.814886"
2002523,"33.422042,-111.809886"
2002524,"33.422042,-111.804886"
2002525,"33.422042,-111.799886"
2002526,"33.422042,-111.794886"
2002527,"33.422042,-111.789886"
2002528,"33.422042,-111.774886"
2002529,"33.422042,-111.769886"
2002530,"33.422042,-111.759886"
2002531,"33.422042,-111.754886"
2002532,"33.422042,-111.739886"
2002533,"33.422042,-111.714886"
2002534,"33.422042,-111.704886"
2002535,"33.422042,-111.699886"
2002536,"33.422042,-111.694886"
2002537,"33.422042,-111.684886"
2002538,"33.422042,-111.674886"
2002539,"33.422042,-111.669886"
2002540,"33.422042,-111.664886"
2002541,"33.422042,-111.659886"
2002542,"33.422042,-111.654886"
2002543,"33.422042,-111.649886"
2002544,"33.422042,-111.644886"
2002545,"33.422042,-111.639886"
2002546,"33.422042,-111.634886"
2002547,"33.422042,-111.629886"
2002548,"33.422042,-111.624886"
2002549,"33.422042,-111.619886"
2002550,"33.422042,-111.614886"
2002551,"33.422042,-111.609886"
2002552,"33.422042,-111.604886"
2002553,"33.422042,-111.599886"
2002554,"33.422042,-111.594886"
2002555,"33.422042,-111.589886"
2002556,"33.422042,-111.584886"
2002557,"33.427042,-112.434886"
2002558,"33.427042,-112.429886"
2002559,"33.427042,-112.424886"
2002560,"33.427042,-112.419886"
2002561,"33.427042,-112.414886"
2002562,"33.427042,-112.409886"
2002563,"33.427042,-112.404886"
2002564,"33.427042,-112.399886"
2002565,"33.427042,-112.394886"
2002566,"33.427042,-112.364886"
2002567,"33.427042,-112.359886"
2002568,"33.427042,-112.349886"
2002569,"33.427042,-112.344886"
2002570,"33.427042,-112.319886"
2002571,"33.427042,-112.314886"
2002572,"33.427042,-112.309886"
2002573,"33.427042,-112.304886"
2002574,"33.427042,-112.299886"
2002575,"33.427042,-112.294886"
2002576,"33.427042,-112.289886"
2002577,"33.427042,-112.279886"
2002578,"33.427042,-112.274886"
2002579,"33.427042,-112.254886"
2002580,"33.427042,-112.249886"
2002581,"33.427042,-112.244886"
2002582,"33.427042,-112.239886"
2002583,"33.427042,-112.234886"
2002584,"33.427042,-112.229886"
2002585,"33.427042,-112.214886"
2002586,"33.427042,-112.199886"
2002587,"33.427042,-112.194886"
2002588,"33.427042,-112.169886"
2002589,"33.427042,-112.134886"
2002590,"33.427042,-112.099886"
2002591,"33.427042,-112.089886"
2002592,"33.427042,-112.084886"
2002593,"33.427042,-112.069886"
2002594,"33.427042,-112.064886"
2002595,"33.427042,-112.054886"
2002596,"33.427042,-112.049886"
2002597,"33.427042,-112.044886"
2002598,"33.427042,-112.039886"
2002599,"33.427042,-112.034886"
2002600,"33.427042,-111.969886"
2002601,"33.427042,-111.964886"
2002602,"33.427042,-111.959886"
2002603,"33.427042,-111.954886"
2002604,"33.427042,-111.949886"
2002605,"33.427042,-111.939886"
2002606,"33.427042,-111.929886"
2002607,"33.427042,-111.924886"
2002608,"33.427042,-111.904886"
2002609,"33.427042,-111.894886"
2002610,"33.427042,-111.889886"
2002611,"33.427042,-111.879886"
2002612,"33.427042,-111.874886"
2002613,"33.427042,-111.864886"
2002614,"33.427042,-111.859886"
2002615,"33.427042,-111.854886"
2002616,"33.427042,-111.844886"
2002617,"33.427042,-111.839886"
2002618,"33.427042,-111.829886"
2002619,"33.427042,-111.819886"
2002620,"33.427042,-111.814886"
2002621,"33.427042,-111.809886"
2002622,"33.427042,-111.804886"
2002623,"33.427042,-111.794886"
2002624,"33.427042,-111.789886"
2002625,"33.427042,-111.784886"
2002626,"33.427042,-111.774886"
2002627,"33.427042,-111.764886"
2002628,"33.427042,-111.759886"
2002629,"33.427042,-111.749886"
2002630,"33.427042,-111.744886"
2002631,"33.427042,-111.739886"
2002632,"33.427042,-111.734886"
2002633,"33.427042,-111.729886"
2002634,"33.427042,-111.724886"
2002635,"33.427042,-111.719886"
2002636,"33.427042,-111.714886"
2002637,"33.427042,-111.709886"
2002638,"33.427042,-111.704886"
2002639,"33.427042,-111.699886"
2002640,"33.427042,-111.694886"
2002641,"33.427042,-111.689886"
2002642,"33.427042,-111.684886"
2002643,"33.427042,-111.664886"
2002644,"33.427042,-111.659886"
2002645,"33.427042,-111.654886"
2002646,"33.427042,-111.639886"
2002647,"33.427042,-111.629886"
2002648,"33.427042,-111.624886"
2002649,"33.427042,-111.614886"
2002650,"33.427042,-111.609886"
2002651,"33.427042,-111.599886"
2002652,"33.427042,-111.594886"
2002653,"33.427042,-111.584886"
2002654,"33.432042,-112.439886"
2002655,"33.432042,-112.434886"
2002656,"33.432042,-112.429886"
2002657,"33.432042,-112.424886"
2002658,"33.432042,-112.419886"
2002659,"33.432042,-112.414886"
2002660,"33.432042,-112.409886"
2002661,"33.432042,-112.404886"
2002662,"33.432042,-112.399886"
2002663,"33.432042,-112.379886"
2002664,"33.432042,-112.354886"
2002665,"33.432042,-112.349886"
2002666,"33.432042,-112.344886"
2002667,"33.432042,-112.339886"
2002668,"33.432042,-112.324886"
2002669,"33.432042,-112.319886"
2002670,"33.432042,-112.314886"
2002671,"33.432042,-112.309886"
2002672,"33.432042,-112.304886"
2002673,"33.432042,-112.299886"
2002674,"33.432042,-112.294886"
2002675,"33.432042,-112.289886"
2002676,"33.432042,-112.284886"
2002677,"33.432042,-112.254886"
2002678,"33.432042,-112.249886"
2002679,"33.432042,-112.244886"
2002680,"33.432042,-112.239886"
2002681,"33.432042,-112.229886"
2002682,"33.432042,-112.199886"
2002683,"33.432042,-112.194886"
2002684,"33.432042,-112.159886"
2002685,"33.432042,-112.134886"
2002686,"33.432042,-112.109886"
2002687,"33.432042,-112.099886"
2002688,"33.432042,-112.094886"
2002689,"33.432042,-112.089886"
2002690,"33.432042,-112.084886"
2002691,"33.432042,-112.079886"
2002692,"33.432042,-112.074886"
2002693,"33.432042,-112.069886"
2002694,"33.432042,-112.064886"
2002695,"33.432042,-112.059886"
2002696,"33.432042,-112.054886"
2002697,"33.432042,-112.049886"
2002698,"33.432042,-112.039886"
2002699,"33.432042,-112.034886"
2002700,"33.432042,-111.964886"
2002701,"33.432042,-111.949886"
2002702,"33.432042,-111.939886"
2002703,"33.432042,-111.934886"
2002704,"33.432042,-111.904886"
2002705,"33.432042,-111.899886"
2002706,"33.432042,-111.889886"
2002707,"33.432042,-111.879886"
2002708,"33.432042,-111.874886"
2002709,"33.432042,-111.869886"
2002710,"33.432042,-111.859886"
2002711,"33.432042,-111.854886"
2002712,"33.432042,-111.849886"
2002713,"33.432042,-111.844886"
2002714,"33.432042,-111.839886"
2002715,"33.432042,-111.834886"
2002716,"33.432042,-111.829886"
2002717,"33.432042,-111.819886"
2002718,"33.432042,-111.809886"
2002719,"33.432042,-111.804886"
2002720,"33.432042,-111.799886"
2002721,"33.432042,-111.794886"
2002722,"33.432042,-111.789886"
2002723,"33.432042,-111.784886"
2002724,"33.432042,-111.779886"
2002725,"33.432042,-111.774886"
2002726,"33.432042,-111.769886"
2002727,"33.432042,-111.759886"
2002728,"33.432042,-111.754886"
2002729,"33.432042,-111.749886"
2002730,"33.432042,-111.744886"
2002731,"33.432042,-111.739886"
2002732,"33.432042,-111.734886"
2002733,"33.432042,-111.724886"
2002734,"33.432042,-111.719886"
2002735,"33.432042,-111.714886"
2002736,"33.432042,-111.709886"
2002737,"33.432042,-111.704886"
2002738,"33.432042,-111.699886"
2002739,"33.432042,-111.694886"
2002740,"33.432042,-111.689886"
2002741,"33.432042,-111.684886"
2002742,"33.432042,-111.664886"
2002743,"33.432042,-111.654886"
2002744,"33.432042,-111.639886"
2002745,"33.432042,-111.624886"
2002746,"33.432042,-111.619886"
2002747,"33.432042,-111.614886"
2002748,"33.437042,-112.439886"
2002749,"33.437042,-112.424886"
2002750,"33.437042,-112.419886"
2002751,"33.437042,-112.414886"
2002752,"33.437042,-112.409886"
2002753,"33.437042,-112.404886"
2002754,"33.437042,-112.359886"
2002755,"33.437042,-112.354886"
2002756,"33.437042,-112.349886"
2002757,"33.437042,-112.344886"
2002758,"33.437042,-112.329886"
2002759,"33.437042,-112.324886"
2002760,"33.437042,-112.314886"
2002761,"33.437042,-112.309886"
2002762,"33.437042,-112.299886"
2002763,"33.437042,-112.289886"
2002764,"33.437042,-112.254886"
2002765,"33.437042,-112.244886"
2002766,"33.437042,-112.239886"
2002767,"33.437042,-112.234886"
2002768,"33.437042,-112.229886"
2002769,"33.437042,-112.224886"
2002770,"33.437042,-112.219886"
2002771,"33.437042,-112.214886"
2002772,"33.437042,-112.209886"
2002773,"33.437042,-112.204886"
2002774,"33.437042,-112.199886"
2002775,"33.437042,-112.194886"
2002776,"33.437042,-112.189886"
2002777,"33.437042,-112.184886"
2002778,"33.437042,-112.179886"
2002779,"33.437042,-112.174886"
2002780,"33.437042,-112.169886"
2002781,"33.437042,-112.164886"
2002782,"33.437042,-112.159886"
2002783,"33.437042,-112.154886"
2002784,"33.437042,-112.129886"
2002785,"33.437042,-112.124886"
2002786,"33.437042,-112.119886"
2002787,"33.437042,-112.104886"
2002788,"33.437042,-112.099886"
2002789,"33.437042,-112.094886"
2002790,"33.437042,-112.089886"
2002791,"33.437042,-112.084886"
2002792,"33.437042,-112.079886"
2002793,"33.437042,-112.074886"
2002794,"33.437042,-112.069886"
2002795,"33.437042,-112.064886"
2002796,"33.437042,-112.059886"
2002797,"33.437042,-112.054886"
2002798,"33.437042,-112.049886"
2002799,"33.437042,-112.044886"
2002800,"33.437042,-112.039886"
2002801,"33.437042,-112.034886"
2002802,"33.437042,-111.974886"
2002803,"33.437042,-111.959886"
2002804,"33.437042,-111.954886"
2002805,"33.437042,-111.949886"
2002806,"33.437042,-111.944886"
2002807,"33.437042,-111.929886"
2002808,"33.437042,-111.924886"
2002809,"33.437042,-111.919886"
2002810,"33.437042,-111.909886"
2002811,"33.437042,-111.889886"
2002812,"33.437042,-111.869886"
2002813,"33.437042,-111.864886"
2002814,"33.437042,-111.839886"
2002815,"33.437042,-111.834886"
2002816,"33.437042,-111.809886"
2002817,"33.437042,-111.804886"
2002818,"33.437042,-111.799886"
2002819,"33.437042,-111.794886"
2002820,"33.437042,-111.789886"
2002821,"33.437042,-111.784886"
2002822,"33.437042,-111.779886"
2002823,"33.437042,-111.774886"
2002824,"33.437042,-111.769886"
2002825,"33.437042,-111.764886"
2002826,"33.437042,-111.759886"
2002827,"33.437042,-111.754886"
2002828,"33.437042,-111.749886"
2002829,"33.437042,-111.744886"
2002830,"33.437042,-111.739886"
2002831,"33.437042,-111.734886"
2002832,"33.437042,-111.729886"
2002833,"33.437042,-111.724886"
2002834,"33.437042,-111.719886"
2002835,"33.437042,-111.714886"
2002836,"33.437042,-111.709886"
2002837,"33.437042,-111.704886"
2002838,"33.437042,-111.699886"
2002839,"33.437042,-111.694886"
2002840,"33.437042,-111.689886"
2002841,"33.437042,-111.684886"
2002842,"33.437042,-111.679886"
2002843,"33.437042,-111.674886"
2002844,"33.437042,-111.669886"
2002845,"33.437042,-111.664886"
2002846,"33.437042,-111.659886"
2002847,"33.437042,-111.654886"
2002848,"33.437042,-111.649886"
2002849,"33.437042,-111.644886"
2002850,"33.437042,-111.634886"
2002851,"33.437042,-111.629886"
2002852,"33.437042,-111.624886"
2002853,"33.437042,-111.619886"
2002854,"33.437042,-111.614886"
2002855,"33.437042,-111.609886"
2002856,"33.437042,-111.604886"
2002857,"33.437042,-111.599886"
2002858,"33.437042,-111.594886"
2002859,"33.437042,-111.589886"
2002860,"33.437042,-111.584886"
2002861,"33.442042,-112.439886"
2002862,"33.442042,-112.429886"
2002863,"33.442042,-112.424886"
2002864,"33.442042,-112.414886"
2002865,"33.442042,-112.409886"
2002866,"33.442042,-112.404886"
2002867,"33.442042,-112.389886"
2002868,"33.442042,-112.384886"
2002869,"33.442042,-112.349886"
2002870,"33.442042,-112.329886"
2002871,"33.442042,-112.324886"
2002872,"33.442042,-112.314886"
2002873,"33.442042,-112.309886"
2002874,"33.442042,-112.304886"
2002875,"33.442042,-112.299886"
2002876,"33.442042,-112.289886"
2002877,"33.442042,-112.254886"
2002878,"33.442042,-112.229886"
2002879,"33.442042,-112.204886"
2002880,"33.442042,-112.199886"
2002881,"33.442042,-112.194886"
2002882,"33.442042,-112.174886"
2002883,"33.442042,-112.129886"
2002884,"33.442042,-112.124886"
2002885,"33.442042,-112.119886"
2002886,"33.442042,-112.104886"
2002887,"33.442042,-112.099886"
2002888,"33.442042,-112.094886"
2002889,"33.442042,-112.089886"
2002890,"33.442042,-112.084886"
2002891,"33.442042,-112.079886"
2002892,"33.442042,-112.074886"
2002893,"33.442042,-112.069886"
2002894,"33.442042,-112.064886"
2002895,"33.442042,-112.054886"
2002896,"33.442042,-112.044886"
2002897,"33.442042,-111.929886"
2002898,"33.442042,-111.924886"
2002899,"33.442042,-111.919886"
2002900,"33.442042,-111.909886"
2002901,"33.442042,-111.904886"
2002902,"33.442042,-111.864886"
2002903,"33.442042,-111.854886"
2002904,"33.442042,-111.839886"
2002905,"33.442042,-111.834886"
2002906,"33.442042,-111.829886"
2002907,"33.442042,-111.824886"
2002908,"33.442042,-111.819886"
2002909,"33.442042,-111.814886"
2002910,"33.442042,-111.809886"
2002911,"33.442042,-111.804886"
2002912,"33.442042,-111.799886"
2002913,"33.442042,-111.794886"
2002914,"33.442042,-111.789886"
2002915,"33.442042,-111.784886"
2002916,"33.442042,-111.769886"
2002917,"33.442042,-111.764886"
2002918,"33.442042,-111.749886"
2002919,"33.442042,-111.744886"
2002920,"33.442042,-111.739886"
2002921,"33.442042,-111.734886"
2002922,"33.442042,-111.729886"
2002923,"33.442042,-111.724886"
2002924,"33.442042,-111.719886"
2002925,"33.442042,-111.704886"
2002926,"33.442042,-111.699886"
2002927,"33.442042,-111.694886"
2002928,"33.442042,-111.689886"
2002929,"33.442042,-111.674886"
2002930,"33.442042,-111.669886"
2002931,"33.442042,-111.644886"
2002932,"33.442042,-111.634886"
2002933,"33.442042,-111.629886"
2002934,"33.442042,-111.599886"
2002935,"33.447042,-112.434886"
2002936,"33.447042,-112.419886"
2002937,"33.447042,-112.414886"
2002938,"33.447042,-112.409886"
2002939,"33.447042,-112.404886"
2002940,"33.447042,-112.399886"
2002941,"33.447042,-112.384886"
2002942,"33.447042,-112.374886"
2002943,"33.447042,-112.354886"
2002944,"33.447042,-112.349886"
2002945,"33.447042,-112.344886"
2002946,"33.447042,-112.329886"
2002947,"33.447042,-112.324886"
2002948,"33.447042,-112.309886"
2002949,"33.447042,-112.289886"
2002950,"33.447042,-112.274886"
2002951,"33.447042,-112.259886"
2002952,"33.447042,-112.254886"
2002953,"33.447042,-112.249886"
2002954,"33.447042,-112.244886"
2002955,"33.447042,-112.239886"
2002956,"33.447042,-112.229886"
2002957,"33.447042,-112.224886"
2002958,"33.447042,-112.159886"
2002959,"33.447042,-112.154886"
2002960,"33.447042,-112.129886"
2002961,"33.447042,-112.124886"
2002962,"33.447042,-112.119886"
2002963,"33.447042,-112.104886"
2002964,"33.447042,-112.079886"
2002965,"33.447042,-112.074886"
2002966,"33.447042,-112.069886"
2002967,"33.447042,-112.064886"
2002968,"33.447042,-112.059886"
2002969,"33.447042,-112.054886"
2002970,"33.447042,-112.049886"
2002971,"33.447042,-112.044886"
2002972,"33.447042,-112.039886"
2002973,"33.447042,-112.034886"
2002974,"33.447042,-112.029886"
2002975,"33.447042,-112.019886"
2002976,"33.447042,-112.009886"
2002977,"33.447042,-111.999886"
2002978,"33.447042,-111.989886"
2002979,"33.447042,-111.984886"
2002980,"33.447042,-111.979886"
2002981,"33.447042,-111.974886"
2002982,"33.447042,-111.954886"
2002983,"33.447042,-111.934886"
2002984,"33.447042,-111.929886"
2002985,"33.447042,-111.924886"
2002986,"33.447042,-111.919886"
2002987,"33.447042,-111.909886"
2002988,"33.447042,-111.854886"
2002989,"33.447042,-111.849886"
2002990,"33.447042,-111.844886"
2002991,"33.447042,-111.839886"
2002992,"33.447042,-111.834886"
2002993,"33.447042,-111.829886"
2002994,"33.447042,-111.824886"
2002995,"33.447042,-111.819886"
2002996,"33.447042,-111.809886"
2002997,"33.447042,-111.804886"
2002998,"33.447042,-111.799886"
2002999,"33.447042,-111.794886"
2003000,"33.447042,-111.789886"
2003001,"33.447042,-111.784886"
2003002,"33.447042,-111.779886"
2003003,"33.447042,-111.774886"
2003004,"33.447042,-111.734886"
2003005,"33.447042,-111.729886"
2003006,"33.447042,-111.724886"
2003007,"33.447042,-111.719886"
2003008,"33.447042,-111.709886"
2003009,"33.447042,-111.704886"
2003010,"33.447042,-111.699886"
2003011,"33.447042,-111.694886"
2003012,"33.447042,-111.689886"
2003013,"33.447042,-111.684886"
2003014,"33.447042,-111.674886"
2003015,"33.447042,-111.669886"
2003016,"33.447042,-111.664886"
2003017,"33.447042,-111.649886"
2003018,"33.447042,-111.634886"
2003019,"33.447042,-111.614886"
2003020,"33.452042,-112.469886"
2003021,"33.452042,-112.419886"
2003022,"33.452042,-112.414886"
2003023,"33.452042,-112.409886"
2003024,"33.452042,-112.404886"
2003025,"33.452042,-112.384886"
2003026,"33.452042,-112.374886"
2003027,"33.452042,-112.364886"
2003028,"33.452042,-112.359886"
2003029,"33.452042,-112.354886"
2003030,"33.452042,-112.349886"
2003031,"33.452042,-112.344886"
2003032,"33.452042,-112.339886"
2003033,"33.452042,-112.324886"
2003034,"33.452042,-112.314886"
2003035,"33.452042,-112.289886"
2003036,"33.452042,-112.274886"
2003037,"33.452042,-112.264886"
2003038,"33.452042,-112.259886"
2003039,"33.452042,-112.254886"
2003040,"33.452042,-112.249886"
2003041,"33.452042,-112.244886"
2003042,"33.452042,-112.239886"
2003043,"33.452042,-112.234886"
2003044,"33.452042,-112.229886"
2003045,"33.452042,-112.224886"
2003046,"33.452042,-112.219886"
2003047,"33.452042,-112.214886"
2003048,"33.452042,-112.209886"
2003049,"33.452042,-112.204886"
2003050,"33.452042,-112.199886"
2003051,"33.452042,-112.184886"
2003052,"33.452042,-112.159886"
2003053,"33.452042,-112.144886"
2003054,"33.452042,-112.139886"
2003055,"33.452042,-112.134886"
2003056,"33.452042,-112.129886"
2003057,"33.452042,-112.124886"
2003058,"33.452042,-112.119886"
2003059,"33.452042,-112.114886"
2003060,"33.452042,-112.104886"
2003061,"33.452042,-112.099886"
2003062,"33.452042,-112.089886"
2003063,"33.452042,-112.084886"
2003064,"33.452042,-112.079886"
2003065,"33.452042,-112.074886"
2003066,"33.452042,-112.069886"
2003067,"33.452042,-112.064886"
2003068,"33.452042,-112.044886"
2003069,"33.452042,-112.004886"
2003070,"33.452042,-111.999886"
2003071,"33.452042,-111.989886"
2003072,"33.452042,-111.979886"
2003073,"33.452042,-111.954886"
2003074,"33.452042,-111.889886"
2003075,"33.452042,-111.874886"
2003076,"33.452042,-111.869886"
2003077,"33.452042,-111.839886"
2003078,"33.452042,-111.799886"
2003079,"33.457042,-112.279886"
2003080,"33.457042,-112.249886"
2003081,"33.457042,-112.074886"
2003082,"33.457042,-112.034886"
2003083,"33.457042,-112.019886"
